varid,var,flag
1,"Population, 2016",y
2,"Population, 2011",y
3,"Population percentage change, 2011 to 2016",y
4,Total private dwellings,y
5,Private dwellings occupied by usual residents,
6,Population density per square kilometre,
7,Land area in square kilometres,
8,Total - Age groups and average age of the population - 100% data,y
9,0 to 14 years,y
10,0 to 4 years,y
11,5 to 9 years,y
12,10 to 14 years,y
13,15 to 64 years,y
14,15 to 19 years,y
15,20 to 24 years,y
16,25 to 29 years,y
17,30 to 34 years,y
18,35 to 39 years,y
19,40 to 44 years,y
20,45 to 49 years,y
21,50 to 54 years,y
22,55 to 59 years,y
23,60 to 64 years,y
24,65 years and over,y
25,65 to 69 years,y
26,70 to 74 years,y
27,75 to 79 years,y
28,80 to 84 years,y
29,85 years and over,y
30,85 to 89 years,y
31,90 to 94 years,y
32,95 to 99 years,y
33,100 years and over,y
34,Total - Distribution (%) of the population by broad age groups - 100% data,
35,0 to 14 years,y
36,15 to 64 years,y
37,65 years and over,y
38,85 years and over,y
39,Average age of the population,y
40,Median age of the population,y
41,Total - Occupied private dwellings by structural type of dwelling - 100% data,y
42,Single-detached house,y
43,Apartment in a building that has five or more storeys,y
44,Other attached dwelling,y
45,Semi-detached house,y
46,Row house,y
47,Apartment or flat in a duplex,y
48,Apartment in a building that has fewer than five storeys,y
49,Other single-attached house,y
50,Movable dwelling,y
51,Total - Private households by household size - 100% data,y
52,1 person,y
53,2 persons,y
54,3 persons,y
55,4 persons,y
56,5 or more persons,y
57,Number of persons in private households,y
58,Average household size,y
59,Total - Marital status for the population aged 15 years and over - 100% data,
60,Married or living common law,
61,Married,
62,Living common law,
63,Not married and not living common law,
64,Never married,
65,Separated,
66,Divorced,
67,Widowed,
68,Total - Census families in private households by family size - 100% data,
69,2 persons,
70,3 persons,
71,4 persons,
72,5 or more persons,
73,Average size of census families,
74,Total number of census families in private households - 100% data,
75,Total couple families,
76,Married couples,
77,Common-law couples,
78,Total lone-parent families by sex of parent,
79,Female parent,
80,Male parent,
81,Total - Couple census families in private households - 100% data,
82,Couples without children,
83,Couples with children,
84,1 child,
85,2 children,
86,3 or more children,
87,Total - Lone-parent census families in private households - 100% data,
88,1 child,
89,2 children,
90,3 or more children,
91,Total - Persons not in census families in private households - 100% data,
92,Total - Private households by household type - 100% data,y
93,One-census-family households,y
94,Without children in a census family,y
95,With children in a census family,y
96,Multiple-census-family households,y
97,Non-census-family households,y
98,One-person households,y
99,Two-or-more person non-census-family households,y
100,Total - Knowledge of official languages for the total population excluding institutional residents - 100% data,y
101,English only,
102,French only,
103,English and French,
104,Neither English nor French,y
105,Total - First official language spoken for the total population excluding institutional residents - 100% data,
106,English,
107,French,
108,English and French,
109,Neither English nor French,
110,Official language minority (number),
111,Official language minority (percentage),
112,Total - Mother tongue for the total population excluding institutional residents - 100% data,
113,Single responses,
114,Official languages,
115,English,
116,French,
117,Non-official languages,
118,Aboriginal languages,
119,Algonquian languages,
120,Blackfoot,
121,Cree-Montagnais languages,
122,Atikamekw,
123,Montagnais (Innu),
124,Moose Cree,
125,Naskapi,
126,Northern East Cree,
127,Plains Cree,
128,Southern East Cree,
129,Swampy Cree,
130,Woods Cree,
131,"Cree, n.o.s.",
132,Eastern Algonquian languages,
133,Malecite,
134,Mi'kmaq,
135,Ojibway-Potawatomi languages,
136,Algonquin,
137,Ojibway,
138,Oji-Cree,
139,Ottawa (Odawa),
140,"Algonquian languages, n.i.e.",
141,Athabaskan languages,
142,Northern Athabaskan languages,
143,Babine (Wetsuwet'en),
144,Beaver,
145,Carrier,
146,Chilcotin,
147,Dene,
148,Dogrib (Tlicho),
149,Gwich'in,
150,Sarsi (Sarcee),
151,Sekani,
152,Slavey-Hare languages,
153,North Slavey (Hare),
154,South Slavey,
155,"Slavey, n.o.s.",
156,Tahltan languages,
157,Kaska (Nahani),
158,Tahltan,
159,Tutchone languages,
160,Northern Tutchone,
161,Southern Tutchone,
162,"Athabaskan languages, n.i.e.",
163,Haida,
164,Inuit languages,
165,Inuinnaqtun (Inuvialuktun),
166,Inuktitut,
167,"Inuit languages, n.i.e.",
168,Iroquoian languages,
169,Cayuga,
170,Mohawk,
171,Oneida,
172,"Iroquoian languages, n.i.e.",
173,Kutenai,
174,Michif,
175,Salish languages,
176,Comox,
177,Halkomelem,
178,Lillooet,
179,Okanagan,
180,Shuswap (Secwepemctsin),
181,Squamish,
182,Straits,
183,Thompson (Ntlakapamux),
184,"Salish languages, n.i.e.",
185,Siouan languages,
186,Dakota,
187,Stoney,
188,"Siouan languages, n.i.e.",
189,Tlingit,
190,Tsimshian languages,
191,Gitxsan (Gitksan),
192,Nisga'a,
193,Tsimshian,
194,Wakashan languages,
195,Haisla,
196,Heiltsuk,
197,Kwakiutl (Kwak'wala),
198,Nuu-chah-nulth (Nootka),
199,"Wakashan languages, n.i.e.",
200,"Aboriginal languages, n.o.s.",
201,Non-Aboriginal languages,
202,Afro-Asiatic languages,
203,Berber languages,
204,Kabyle,
205,"Berber languages, n.i.e.",
206,Cushitic languages,
207,Bilen,
208,Oromo,
209,Somali,
210,"Cushitic languages, n.i.e.",
211,Semitic languages,
212,Amharic,
213,Arabic,
214,Assyrian Neo-Aramaic,
215,Chaldean Neo-Aramaic,
216,Harari,
217,Hebrew,
218,Maltese,
219,Tigrigna,
220,"Semitic languages, n.i.e.",
221,"Afro-Asiatic languages, n.i.e.",
222,Austro-Asiatic languages,
223,Khmer (Cambodian),
224,Vietnamese,
225,"Austro-Asiatic languages, n.i.e",
226,Austronesian languages,
227,Bikol,
228,Cebuano,
229,Fijian,
230,Hiligaynon,
231,Ilocano,
232,Malagasy,
233,Malay,
234,"Pampangan (Kapampangan, Pampango)",
235,Pangasinan,
236,"Tagalog (Pilipino, Filipino)",
237,Waray-Waray,
238,"Austronesian languages, n.i.e.",
239,Creole languages,
240,Haitian Creole,
241,"Creole, n.o.s.",
242,"Creole languages, n.i.e.",
243,Dravidian languages,
244,Kannada,
245,Malayalam,
246,Tamil,
247,Telugu,
248,"Dravidian languages, n.i.e.",
249,Hmong-Mien languages,
250,Indo-European languages,
251,Albanian,
252,Armenian,
253,Balto-Slavic languages,
254,Baltic languages,
255,Latvian,
256,Lithuanian,
257,Slavic languages,
258,Belarusan,
259,Bosnian,
260,Bulgarian,
261,Croatian,
262,Czech,
263,Macedonian,
264,Polish,
265,Russian,
266,Serbian,
267,Serbo-Croatian,
268,Slovak,
269,Slovene (Slovenian),
270,Ukrainian,
271,"Slavic languages, n.i.e.",
272,Celtic languages,
273,Scottish Gaelic,
274,Welsh,
275,"Celtic languages, n.i.e.",
276,Germanic languages,
277,Afrikaans,
278,Danish,
279,Dutch,
280,Frisian,
281,German,
282,Icelandic,
283,Norwegian,
284,Swedish,
285,Vlaams (Flemish),
286,Yiddish,
287,"Germanic languages, n.i.e.",
288,Greek,
289,Indo-Iranian languages,
290,Indo-Aryan languages,
291,Bengali,
292,Gujarati,
293,Hindi,
294,Kashmiri,
295,Konkani,
296,Marathi,
297,Nepali,
298,Oriya (Odia),
299,Punjabi (Panjabi),
300,Sindhi,
301,Sinhala (Sinhalese),
302,Urdu,
303,Iranian languages,
304,Kurdish,
305,Pashto,
306,Persian (Farsi),
307,"Indo-Iranian languages, n.i.e.",
308,Italic (Romance) languages,
309,Catalan,
310,Italian,
311,Portuguese,
312,Romanian,
313,Spanish,
314,"Italic (Romance) languages, n.i.e.",
315,Japanese,
316,Kartvelian languages,
317,Georgian,
318,Korean,
319,Mongolic languages,
320,Mongolian,
321,Niger-Congo languages,
322,Akan (Twi),
323,Bamanankan,
324,Edo,
325,Ewe,
326,"Fulah (Pular, Pulaar, Fulfulde)",
327,Ga,
328,Ganda,
329,Igbo,
330,Lingala,
331,Rundi (Kirundi),
332,Kinyarwanda (Rwanda),
333,Shona,
334,Swahili,
335,Wolof,
336,Yoruba,
337,"Niger-Congo languages, n.i.e.",
338,Nilo-Saharan languages,
339,Dinka,
340,"Nilo-Saharan languages, n.i.e.",
341,Sign languages,
342,American Sign Language,
343,Quebec Sign Language,
344,"Sign languages, n.i.e",
345,Sino-Tibetan languages,
346,Chinese languages,
347,Cantonese,
348,Hakka,
349,Mandarin,
350,Min Dong,
351,"Min Nan (Chaochow, Teochow, Fukien, Taiwanese)",
352,Wu (Shanghainese),
353,"Chinese, n.o.s.",
354,"Chinese languages, n.i.e.",
355,Tibeto-Burman languages,
356,Burmese,
357,Karenic languages,
358,Tibetan,
359,"Tibeto-Burman languages, n.i.e.",
360,Tai-Kadai languages,
361,Lao,
362,Thai,
363,"Tai-Kadai languages, n.i.e",
364,Turkic languages,
365,Azerbaijani,
366,Turkish,
367,Uyghur,
368,Uzbek,
369,"Turkic languages, n.i.e.",
370,Uralic languages,
371,Estonian,
372,Finnish,
373,Hungarian,
374,"Uralic languages, n.i.e.",
375,"Other languages, n.i.e.",
376,Multiple responses,
377,English and French,
378,English and non-official language,
379,French and non-official language,
380,"English, French and non-official language",
381,Total - Language spoken most often at home for the total population excluding institutional residents - 100% data,
382,Single responses,
383,Official languages,
384,English,
385,French,
386,Non-official languages,
387,Aboriginal languages,
388,Algonquian languages,
389,Blackfoot,
390,Cree-Montagnais languages,
391,Atikamekw,
392,Montagnais (Innu),
393,Moose Cree,
394,Naskapi,
395,Northern East Cree,
396,Plains Cree,
397,Southern East Cree,
398,Swampy Cree,
399,Woods Cree,
400,"Cree, n.o.s.",
401,Eastern Algonquian languages,
402,Malecite,
403,Mi'kmaq,
404,Ojibway-Potawatomi languages,
405,Algonquin,
406,Ojibway,
407,Oji-Cree,
408,Ottawa (Odawa),
409,"Algonquian languages, n.i.e.",
410,Athabaskan languages,
411,Northern Athabaskan languages,
412,Babine (Wetsuwet'en),
413,Beaver,
414,Carrier,
415,Chilcotin,
416,Dene,
417,Dogrib (Tlicho),
418,Gwich'in,
419,Sarsi (Sarcee),
420,Sekani,
421,Slavey-Hare languages,
422,North Slavey (Hare),
423,South Slavey,
424,"Slavey, n.o.s.",
425,Tahltan languages,
426,Kaska (Nahani),
427,Tahltan,
428,Tutchone languages,
429,Northern Tutchone,
430,Southern Tutchone,
431,"Athabaskan languages, n.i.e.",
432,Haida,
433,Inuit languages,
434,Inuinnaqtun (Inuvialuktun),
435,Inuktitut,
436,"Inuit languages, n.i.e.",
437,Iroquoian languages,
438,Cayuga,
439,Mohawk,
440,Oneida,
441,"Iroquoian languages, n.i.e.",
442,Kutenai,
443,Michif,
444,Salish languages,
445,Comox,
446,Halkomelem,
447,Lillooet,
448,Okanagan,
449,Shuswap (Secwepemctsin),
450,Squamish,
451,Straits,
452,Thompson (Ntlakapamux),
453,"Salish languages, n.i.e.",
454,Siouan languages,
455,Dakota,
456,Stoney,
457,"Siouan languages, n.i.e.",
458,Tlingit,
459,Tsimshian languages,
460,Gitxsan (Gitksan),
461,Nisga'a,
462,Tsimshian,
463,Wakashan languages,
464,Haisla,
465,Heiltsuk,
466,Kwakiutl (Kwak'wala),
467,Nuu-chah-nulth (Nootka),
468,"Wakashan languages, n.i.e.",
469,"Aboriginal languages, n.o.s.",
470,Non-Aboriginal languages,
471,Afro-Asiatic languages,
472,Berber languages,
473,Kabyle,
474,"Berber languages, n.i.e.",
475,Cushitic languages,
476,Bilen,
477,Oromo,
478,Somali,
479,"Cushitic languages, n.i.e.",
480,Semitic languages,
481,Amharic,
482,Arabic,
483,Assyrian Neo-Aramaic,
484,Chaldean Neo-Aramaic,
485,Harari,
486,Hebrew,
487,Maltese,
488,Tigrigna,
489,"Semitic languages, n.i.e.",
490,"Afro-Asiatic languages, n.i.e.",
491,Austro-Asiatic languages,
492,Khmer (Cambodian),
493,Vietnamese,
494,"Austro-Asiatic languages, n.i.e",
495,Austronesian languages,
496,Bikol,
497,Cebuano,
498,Fijian,
499,Hiligaynon,
500,Ilocano,
501,Malagasy,
502,Malay,
503,"Pampangan (Kapampangan, Pampango)",
504,Pangasinan,
505,"Tagalog (Pilipino, Filipino)",
506,Waray-Waray,
507,"Austronesian languages, n.i.e.",
508,Creole languages,
509,Haitian Creole,
510,"Creole, n.o.s.",
511,"Creole languages, n.i.e.",
512,Dravidian languages,
513,Kannada,
514,Malayalam,
515,Tamil,
516,Telugu,
517,"Dravidian languages, n.i.e.",
518,Hmong-Mien languages,
519,Indo-European languages,
520,Albanian,
521,Armenian,
522,Balto-Slavic languages,
523,Baltic languages,
524,Latvian,
525,Lithuanian,
526,Slavic languages,
527,Belarusan,
528,Bosnian,
529,Bulgarian,
530,Croatian,
531,Czech,
532,Macedonian,
533,Polish,
534,Russian,
535,Serbian,
536,Serbo-Croatian,
537,Slovak,
538,Slovene (Slovenian),
539,Ukrainian,
540,"Slavic languages, n.i.e.",
541,Celtic languages,
542,Scottish Gaelic,
543,Welsh,
544,"Celtic languages, n.i.e.",
545,Germanic languages,
546,Afrikaans,
547,Danish,
548,Dutch,
549,Frisian,
550,German,
551,Icelandic,
552,Norwegian,
553,Swedish,
554,Vlaams (Flemish),
555,Yiddish,
556,"Germanic languages, n.i.e.",
557,Greek,
558,Indo-Iranian languages,
559,Indo-Aryan languages,
560,Bengali,
561,Gujarati,
562,Hindi,
563,Kashmiri,
564,Konkani,
565,Marathi,
566,Nepali,
567,Oriya (Odia),
568,Punjabi (Panjabi),
569,Sindhi,
570,Sinhala (Sinhalese),
571,Urdu,
572,Iranian languages,
573,Kurdish,
574,Pashto,
575,Persian (Farsi),
576,"Indo-Iranian languages, n.i.e.",
577,Italic (Romance) languages,
578,Catalan,
579,Italian,
580,Portuguese,
581,Romanian,
582,Spanish,
583,"Italic (Romance) languages, n.i.e.",
584,Japanese,
585,Kartvelian languages,
586,Georgian,
587,Korean,
588,Mongolic languages,
589,Mongolian,
590,Niger-Congo languages,
591,Akan (Twi),
592,Bamanankan,
593,Edo,
594,Ewe,
595,"Fulah (Pular, Pulaar, Fulfulde)",
596,Ga,
597,Ganda,
598,Igbo,
599,Lingala,
600,Rundi (Kirundi),
601,Kinyarwanda (Rwanda),
602,Shona,
603,Swahili,
604,Wolof,
605,Yoruba,
606,"Niger-Congo languages, n.i.e.",
607,Nilo-Saharan languages,
608,Dinka,
609,"Nilo-Saharan languages, n.i.e.",
610,Sign languages,
611,American Sign Language,
612,Quebec Sign Language,
613,"Sign languages, n.i.e",
614,Sino-Tibetan languages,
615,Chinese languages,
616,Cantonese,
617,Hakka,
618,Mandarin,
619,Min Dong,
620,"Min Nan (Chaochow, Teochow, Fukien, Taiwanese)",
621,Wu (Shanghainese),
622,"Chinese, n.o.s.",
623,"Chinese languages, n.i.e.",
624,Tibeto-Burman languages,
625,Burmese,
626,Karenic languages,
627,Tibetan,
628,"Tibeto-Burman languages, n.i.e.",
629,Tai-Kadai languages,
630,Lao,
631,Thai,
632,"Tai-Kadai languages, n.i.e",
633,Turkic languages,
634,Azerbaijani,
635,Turkish,
636,Uyghur,
637,Uzbek,
638,"Turkic languages, n.i.e.",
639,Uralic languages,
640,Estonian,
641,Finnish,
642,Hungarian,
643,"Uralic languages, n.i.e.",
644,"Other languages, n.i.e.",
645,Multiple responses,
646,English and French,
647,English and non-official language,
648,French and non-official language,
649,"English, French and non-official language",
650,Total - Other language(s) spoken regularly at home for the total population excluding institutional residents - 100% data,
651,None,
652,English,
653,French,
654,Non-official language,
655,Aboriginal,
656,Non-Aboriginal,
657,English and French,
658,English and non-official language,
659,French and non-official language,
660,"English, French and non-official language",
661,Total - Income statistics in 2015 for the population aged 15 years and over in private households - 100% data,
662,Number of total income recipients aged 15 years and over in private households - 100% data,
663,Median total income in 2015 among recipients ($),
664,Number of after-tax income recipients aged 15 years and over in private households - 100% data,
665,Median after-tax income in 2015 among recipients ($),
666,Number of market income recipients aged 15 years and over in private households - 100% data,
667,Median market income in 2015 among recipients ($),
668,Number of government transfers recipients aged 15 years and over in private households - 100% data,
669,Median government transfers in 2015 among recipients ($),
670,Number of employment income recipients aged 15 years and over in private households - 100% data,
671,Median employment income in 2015 among recipients ($),
672,Total - Income statistics in 2015 for the population aged 15 years and over in private households - 25% sample data,
673,Number of total income recipients aged 15 years and over in private households - 25% sample data,
674,Average total income in 2015 among recipients ($),y
675,Number of after-tax income recipients aged 15 years and over in private households - 25% sample data,
676,Average after-tax income in 2015 among recipients ($),
677,Number of market income recipients aged 15 years and over in private households - 25% sample data,
678,Average market income in 2015 among recipients ($),
679,Number of government transfers recipients aged 15 years and over in private households - 25% sample data,
680,Average government transfers in 2015 among recipients ($),
681,Number of employment income recipients aged 15 years and over in private households - 25% sample data,
682,Average employment income in 2015 among recipients ($),
683,Total - Employment income statistics for the population aged 15 years and over in private households - 25% sample data,
684,Number of employment income recipients aged 15 years and over in private households who worked full year full time in 2015 - 25% sample data,
685,Median employment income in 2015 for full-year full-time workers ($),
686,Average employment income in 2015 for full-year full-time workers ($),
687,Composition of total income in 2015 of the population aged 15 years and over in private households (%) - 100% data,
688,Market income (%),
689,Employment income (%),
690,Government transfers (%),
691,Total - Total income groups in 2015 for the population aged 15 years and over in private households - 100% data,
692,Without total income,
693,With total income,
694,Percentage with total income,
695,"Under $10,000 (including loss)",
696,"$10,000 to $19,999",
697,"$20,000 to $29,999",
698,"$30,000 to $39,999",
699,"$40,000 to $49,999",
700,"$50,000 to $59,999",
701,"$60,000 to $69,999",
702,"$70,000 to $79,999",
703,"$80,000 to $89,999",
704,"$90,000 to $99,999",
705,"$100,000 and over",
706,"$100,000 to $149,999",
707,"$150,000 and over",
708,Total - After-tax income groups in 2015 for the population aged 15 years and over in private households - 100% data,
709,Without after-tax income,
710,With after-tax income,
711,Percentage with after-tax income,
712,"Under $10,000 (including loss)",
713,"$10,000 to $19,999",
714,"$20,000 to $29,999",
715,"$30,000 to $39,999",
716,"$40,000 to $49,999",
717,"$50,000 to $59,999",
718,"$60,000 to $69,999",
719,"$70,000 to $79,999",
720,"$80,000 and over",
721,"$80,000 to $89,999",
722,"$90,000 to $99,999",
723,"$100,000 and over",
724,Total - Employment income groups in 2015 for the population aged 15 years and over in private households - 100% data,
725,Without employment income,
726,With employment income,
727,Percentage with employment income,
728,"Under $5,000 (including loss)",
729,"$5,000 to $9,999",
730,"$10,000 to $19,999",
731,"$20,000 to $29,999",
732,"$30,000 to $39,999",
733,"$40,000 to $49,999",
734,"$50,000 to $59,999",
735,"$60,000 to $69,999",
736,"$70,000 to $79,999",
737,"$80,000 and over",
738,"$80,000 to $89,999",
739,"$90,000 to $99,999",
740,"$100,000 and over",
741,Total - Income statistics in 2015 for private households by household size - 100% data,y
742,Median total income of households in 2015 ($),y
743,Median after-tax income of households in 2015 ($),y
744,Total - Income statistics in 2015 for one-person private households - 100% data,y
745,Median total income of one-person households in 2015 ($),y
746,Median after-tax income of one-person households in 2015 ($),y
747,Total - Income statistics in 2015 for two-or-more-person private households - 100% data,y
748,Median total income of two-or-more-person households in 2015 ($),y
749,Median after-tax income of two-or-more-person households in 2015 ($),y
750,Total - Income statistics in 2015 for private households by household size - 25% sample data,
751,Average total income of households in 2015 ($),
752,Average after-tax income of households in 2015 ($),
753,Total - Income statistics in 2015 for one-person private households - 25% sample data,
754,Average total income of one-person households in 2015 ($),
755,Average after-tax income of one-person households in 2015 ($),
756,Total - Income statistics in 2015 for two-or-more-person private households - 25% sample data,
757,Average total income of two-or-more-person households in 2015 ($),
758,Average after-tax income of two-or-more-person households in 2015 ($),
759,Total - Household total income groups in 2015 for private households - 100% data,y
760,"Under $5,000",y
761,"$5,000 to $9,999",y
762,"$10,000 to $14,999",y
763,"$15,000 to $19,999",y
764,"$20,000 to $24,999",y
765,"$25,000 to $29,999",y
766,"$30,000 to $34,999",y
767,"$35,000 to $39,999",y
768,"$40,000 to $44,999",y
769,"$45,000 to $49,999",y
770,"$50,000 to $59,999",y
771,"$60,000 to $69,999",y
772,"$70,000 to $79,999",y
773,"$80,000 to $89,999",y
774,"$90,000 to $99,999",y
775,"$100,000 and over",y
776,"$100,000 to $124,999",y
777,"$125,000 to $149,999",y
778,"$150,000 to $199,999",y
779,"$200,000 and over",y
780,Total - Household after-tax income groups in 2015 for private households - 100% data,
781,"Under $5,000",
782,"$5,000 to $9,999",
783,"$10,000 to $14,999",
784,"$15,000 to $19,999",
785,"$20,000 to $24,999",
786,"$25,000 to $29,999",
787,"$30,000 to $34,999",
788,"$35,000 to $39,999",
789,"$40,000 to $44,999",
790,"$45,000 to $49,999",
791,"$50,000 to $59,999",
792,"$60,000 to $69,999",
793,"$70,000 to $79,999",
794,"$80,000 to $89,999",
795,"$90,000 to $99,999",
796,"$100,000 and over",
797,"$100,000 to $124,999",
798,"$125,000 to $149,999",
799,"$150,000 and over",
800,Total - Income statistics in 2015 for economic families in private households - 100% data,
801,Median total income of economic families in 2015 ($),
802,Median after-tax income of economic families in 2015 ($),
803,Average family size of economic families,
804,Total - Income statistics in 2015 for couple economic families without children or other relatives in private households - 100% data,
805,Median total income of couple economic families without children or other relatives in 2015 ($),
806,Median after-tax income of couple economic families without children or other relatives in 2015 ($),
807,Average family size of couple economic families without children or other relatives,
808,Total - Income statistics in 2015 for couple economic families with children in private households - 100% data,
809,Median total income of couple economic families with children in 2015 ($),
810,Median after-tax income of couple economic families with children in 2015 ($),
811,Average family size of couple economic families with children,
812,Total - Income statistics in 2015 for lone-parent economic families in private households - 100% data,
813,Median total income of lone-parent economic families in 2015 ($),
814,Median after-tax income of lone-parent economic families in 2015 ($),
815,Average family size of lone-parent economic families,
816,Total - Income statistics in 2015 for economic families in private households - 25% sample data,
817,Average total income of economic families in 2015 ($),
818,Average after-tax income of economic families in 2015 ($),
819,Total - Income statistics in 2015 for couple economic families without children or other relatives in private households - 25% sample data,
820,Average total income of couple economic families without children or other relatives in 2015 ($),
821,Average after-tax income of couple economic families without children or other relatives in 2015 ($),
822,Total - Income statistics in 2015 for couple economic families with children in private households - 25% sample data,
823,Average total income of couple economic families with children in 2015 ($),
824,Average after-tax income of couple economic families with children in 2015 ($),
825,Total - Income statistics in 2015 for lone-parent economic families in private households - 25% sample data,
826,Average total income of lone-parent economic families in 2015 ($),
827,Average after-tax income of lone-parent economic families in 2015 ($),
828,Total - Income statistics in 2015 for persons aged 15 years and over not in economic families in private households - 100% data,
829,Median total income in 2015 for persons aged 15 years and over not in economic families ($),
830,Median after-tax income in 2015 for persons aged 15 years and over not in economic families ($),
831,Total - Income statistics in 2015 for persons aged 15 years and over not in economic families in private households - 25% sample data,
832,Average total income in 2015 for persons aged 15 years and over not in economic families ($),
833,Average after-tax income in 2015 for persons aged 15 years and over not in economic families ($),
834,Total - Economic family income decile group for the population in private households - 100% data,
835,In the bottom half of the distribution,
836,In the bottom decile,
837,In the second decile,
838,In the third decile,
839,In the fourth decile,
840,In the fifth decile,
841,In the top half of the distribution,
842,In the sixth decile,
843,In the seventh decile,
844,In the eighth decile,
845,In the ninth decile,
846,In the top decile,
847,Total - Low-income status in 2015 for the population in private households to whom low-income concepts are applicable - 100% data,
848,0 to 17 years,
849,0 to 5 years,
850,18 to 64 years,
851,65 years and over,
852,"In low income based on the Low-income measure, after tax (LIM-AT)",
853,0 to 17 years,
854,0 to 5 years,
855,18 to 64 years,
856,65 years and over,
857,"Prevalence of low income based on the Low-income measure, after tax (LIM-AT) (%)",
858,0 to 17 years (%),
859,0 to 5 years (%),
860,18 to 64 years (%),
861,65 years and over (%),
862,"In low income based on the Low-income cut-offs, after tax (LICO-AT)",
863,0 to 17 years,
864,0 to 5 years,
865,18 to 64 years,
866,65 years and over,
867,"Prevalence of low income based on the Low-income cut-offs, after tax (LICO-AT) (%)",
868,0 to 17 years (%),
869,0 to 5 years (%),
870,18 to 64 years (%),
871,65 years and over (%),
872,Total - Knowledge of languages for the population in private households - 25% sample data,
873,Official languages,
874,English,
875,French,
876,Non-official languages,
877,Aboriginal languages,
878,Algonquian languages,
879,Blackfoot,
880,Cree-Montagnais languages,
881,Atikamekw,
882,Montagnais (Innu),
883,Moose Cree,
884,Naskapi,
885,Northern East Cree,
886,Plains Cree,
887,Southern East Cree,
888,Swampy Cree,
889,Woods Cree,
890,"Cree, n.o.s.",
891,Eastern Algonquian languages,
892,Malecite,
893,Mi'kmaq,
894,Ojibway-Potawatomi languages,
895,Algonquin,
896,Ojibway,
897,Oji-Cree,
898,Ottawa (Odawa),
899,"Algonquian languages, n.i.e.",
900,Athabaskan languages,
901,Northern Athabaskan languages,
902,Babine (Wetsuwet'en),
903,Beaver,
904,Carrier,
905,Chilcotin,
906,Dene,
907,Dogrib (Tlicho),
908,Gwich'in,
909,Sarsi (Sarcee),
910,Sekani,
911,Slavey-Hare languages,
912,North Slavey (Hare),
913,South Slavey,
914,"Slavey, n.o.s.",
915,Tahltan languages,
916,Kaska (Nahani),
917,Tahltan,
918,Tutchone languages,
919,Northern Tutchone,
920,Southern Tutchone,
921,"Athabaskan languages, n.i.e.",
922,Haida,
923,Inuit languages,
924,Inuinnaqtun (Inuvialuktun),
925,Inuktitut,
926,"Inuit languages, n.i.e.",
927,Iroquoian languages,
928,Cayuga,
929,Mohawk,
930,Oneida,
931,"Iroquoian languages, n.i.e.",
932,Kutenai,
933,Michif,
934,Salish languages,
935,Comox,
936,Halkomelem,
937,Lillooet,
938,Okanagan,
939,Shuswap (Secwepemctsin),
940,Squamish,
941,Straits,
942,Thompson (Ntlakapamux),
943,"Salish languages, n.i.e.",
944,Siouan languages,
945,Dakota,
946,Stoney,
947,"Siouan languages, n.i.e.",
948,Tlingit,
949,Tsimshian languages,
950,Gitxsan (Gitksan),
951,Nisga'a,
952,Tsimshian,
953,Wakashan languages,
954,Haisla,
955,Heiltsuk,
956,Kwakiutl (Kwak'wala),
957,Nuu-chah-nulth (Nootka),
958,"Wakashan languages, n.i.e.",
959,"Aboriginal languages, n.o.s.",
960,Non-Aboriginal languages,
961,Afro-Asiatic languages,
962,Berber languages,
963,Kabyle,
964,"Berber languages, n.i.e.",
965,Cushitic languages,
966,Bilen,
967,Oromo,
968,Somali,
969,"Cushitic languages, n.i.e.",
970,Semitic languages,
971,Amharic,
972,Arabic,
973,Assyrian Neo-Aramaic,
974,Chaldean Neo-Aramaic,
975,Harari,
976,Hebrew,
977,Maltese,
978,Tigrigna,
979,"Semitic languages, n.i.e.",
980,"Afro-Asiatic languages, n.i.e.",
981,Austro-Asiatic languages,
982,Khmer (Cambodian),
983,Vietnamese,
984,"Austro-Asiatic languages, n.i.e",
985,Austronesian languages,
986,Bikol,
987,Cebuano,
988,Fijian,
989,Hiligaynon,
990,Ilocano,
991,Malagasy,
992,Malay,
993,"Pampangan (Kapampangan, Pampango)",
994,Pangasinan,
995,"Tagalog (Pilipino, Filipino)",
996,Waray-Waray,
997,"Austronesian languages, n.i.e.",
998,Creole languages,
999,Haitian Creole,
1000,"Creole, n.o.s.",
1001,"Creole languages, n.i.e.",
1002,Dravidian languages,
1003,Kannada,
1004,Malayalam,
1005,Tamil,
1006,Telugu,
1007,"Dravidian languages, n.i.e.",
1008,Hmong-Mien languages,
1009,Indo-European languages,
1010,Albanian,
1011,Armenian,
1012,Balto-Slavic languages,
1013,Baltic languages,
1014,Latvian,
1015,Lithuanian,
1016,Slavic languages,
1017,Belarusan,
1018,Bosnian,
1019,Bulgarian,
1020,Croatian,
1021,Czech,
1022,Macedonian,
1023,Polish,
1024,Russian,
1025,Serbian,
1026,Serbo-Croatian,
1027,Slovak,
1028,Slovene (Slovenian),
1029,Ukrainian,
1030,"Slavic languages, n.i.e.",
1031,Celtic languages,
1032,Scottish Gaelic,
1033,Welsh,
1034,"Celtic languages, n.i.e.",
1035,Germanic languages,
1036,Afrikaans,
1037,Danish,
1038,Dutch,
1039,Frisian,
1040,German,
1041,Icelandic,
1042,Norwegian,
1043,Swedish,
1044,Vlaams (Flemish),
1045,Yiddish,
1046,"Germanic languages, n.i.e.",
1047,Greek,
1048,Indo-Iranian languages,
1049,Indo-Aryan languages,
1050,Bengali,
1051,Gujarati,
1052,Hindi,
1053,Kashmiri,
1054,Konkani,
1055,Marathi,
1056,Nepali,
1057,Oriya (Odia),
1058,Punjabi (Panjabi),
1059,Sindhi,
1060,Sinhala (Sinhalese),
1061,Urdu,
1062,Iranian languages,
1063,Kurdish,
1064,Pashto,
1065,Persian (Farsi),
1066,"Indo-Iranian languages, n.i.e.",
1067,Italic (Romance) languages,
1068,Catalan,
1069,Italian,
1070,Portuguese,
1071,Romanian,
1072,Spanish,
1073,"Italic (Romance) languages, n.i.e.",
1074,Japanese,
1075,Kartvelian languages,
1076,Georgian,
1077,Korean,
1078,Mongolic languages,
1079,Mongolian,
1080,Niger-Congo languages,
1081,Akan (Twi),
1082,Bamanankan,
1083,Edo,
1084,Ewe,
1085,"Fulah (Pular, Pulaar, Fulfulde)",
1086,Ga,
1087,Ganda,
1088,Igbo,
1089,Lingala,
1090,Rundi (Kirundi),
1091,Kinyarwanda (Rwanda),
1092,Shona,
1093,Swahili,
1094,Wolof,
1095,Yoruba,
1096,"Niger-Congo languages, n.i.e.",
1097,Nilo-Saharan languages,
1098,Dinka,
1099,"Nilo-Saharan languages, n.i.e.",
1100,Sign languages,
1101,American Sign Language,
1102,Quebec Sign Language,
1103,"Sign languages, n.i.e",
1104,Sino-Tibetan languages,
1105,Chinese languages,
1106,Cantonese,
1107,Hakka,
1108,Mandarin,
1109,Min Dong,
1110,"Min Nan (Chaochow, Teochow, Fukien, Taiwanese)",
1111,Wu (Shanghainese),
1112,"Chinese, n.o.s.",
1113,"Chinese languages, n.i.e.",
1114,Tibeto-Burman languages,
1115,Burmese,
1116,Karenic languages,
1117,Tibetan,
1118,"Tibeto-Burman languages, n.i.e.",
1119,Tai-Kadai languages,
1120,Lao,
1121,Thai,
1122,"Tai-Kadai languages, n.i.e",
1123,Turkic languages,
1124,Azerbaijani,
1125,Turkish,
1126,Uyghur,
1127,Uzbek,
1128,"Turkic languages, n.i.e.",
1129,Uralic languages,
1130,Estonian,
1131,Finnish,
1132,Hungarian,
1133,"Uralic languages, n.i.e.",
1134,"Other languages, n.i.e.",
1135,Total - Citizenship for the population in private households - 25% sample data,y
1136,Canadian citizens,y
1137,Canadian citizens aged under 18,y
1138,Canadian citizens aged 18 and over,y
1139,Not Canadian citizens,y
1140,Total - Immigrant status and period of immigration for the population in private households - 25% sample data,y
1141,Non-immigrants,y
1142,Immigrants,y
1143,Before 1981,y
1144,1981 to 1990,y
1145,1991 to 2000,y
1146,2001 to 2010,y
1147,2001 to 2005,y
1148,2006 to 2010,y
1149,2011 to 2016,y
1150,Non-permanent residents,y
1151,Total - Age at immigration for the immigrant population in private households - 25% sample data,y
1152,Under 5 years,y
1153,5 to 14 years,y
1154,15 to 24 years,y
1155,25 to 44 years,y
1156,45 years and over,y
1157,Total - Selected places of birth for the immigrant population in private households - 25% sample data,
1158,Americas,
1159,Brazil,
1160,Colombia,
1161,El Salvador,
1162,Guyana,
1163,Haiti,
1164,Jamaica,
1165,Mexico,
1166,Peru,
1167,Trinidad and Tobago,
1168,United States,
1169,Other places of birth in Americas,
1170,Europe,
1171,Bosnia and Herzegovina,
1172,Croatia,
1173,France,
1174,Germany,
1175,Greece,
1176,Hungary,
1177,Ireland,
1178,Italy,
1179,Netherlands,
1180,Poland,
1181,Portugal,
1182,Romania,
1183,Russian Federation,
1184,Serbia,
1185,Ukraine,
1186,United Kingdom,
1187,Other places of birth in Europe,
1188,Africa,
1189,Algeria,
1190,Egypt,
1191,Ethiopia,
1192,Kenya,
1193,Morocco,
1194,Nigeria,
1195,Somalia,
1196,"South Africa, Republic of",
1197,Other places of birth in Africa,
1198,Asia,
1199,Afghanistan,
1200,Bangladesh,
1201,China,
1202,Hong Kong,
1203,India,
1204,Iran,
1205,Iraq,
1206,Japan,
1207,"Korea, South",
1208,Lebanon,
1209,Pakistan,
1210,Philippines,
1211,Sri Lanka,
1212,Syria,
1213,Taiwan,
1214,Viet Nam,
1215,Other places of birth in Asia,
1216,Oceania and other places of birth,
1217,Total - Selected places of birth for the recent immigrant population in private households - 25% sample data,
1218,Americas,
1219,Brazil,
1220,Colombia,
1221,Cuba,
1222,Haiti,
1223,Jamaica,
1224,Mexico,
1225,United States,
1226,Venezuela,
1227,Other places of birth in Americas,
1228,Europe,
1229,France,
1230,Germany,
1231,Ireland,
1232,Moldova,
1233,Romania,
1234,Russian Federation,
1235,Ukraine,
1236,United Kingdom,
1237,Other places of birth in Europe,
1238,Africa,
1239,Algeria,
1240,Cameroon,
1241,"Congo, Democratic Republic of the",
1242,Côte d'Ivoire,
1243,Egypt,
1244,Eritrea,
1245,Ethiopia,
1246,Morocco,
1247,Nigeria,
1248,Somalia,
1249,"South Africa, Republic of",
1250,Tunisia,
1251,Other places of birth in Africa,
1252,Asia,
1253,Afghanistan,
1254,Bangladesh,
1255,China,
1256,Hong Kong,
1257,India,
1258,Iran,
1259,Iraq,
1260,Israel,
1261,Japan,
1262,"Korea, South",
1263,Lebanon,
1264,Nepal,
1265,Pakistan,
1266,Philippines,
1267,Saudi Arabia,
1268,Sri Lanka,
1269,Syria,
1270,Taiwan,
1271,Turkey,
1272,United Arab Emirates,
1273,Viet Nam,
1274,Other places of birth in Asia,
1275,Oceania and other,
1276,Australia,
1277,Other places of birth,
1278,Total - Generation status for the population in private households - 25% sample data,y
1279,First generation,y
1280,Second generation,y
1281,Third generation or more,y
1282,Total - Admission category and applicant type for the immigrant population in private households who landed between 1980 and 2016 - 25% sample data,y
1283,Economic immigrants,y
1284,Principal applicants,y
1285,Secondary applicants,y
1286,Immigrants sponsored by family,y
1287,Refugees,y
1288,Other immigrants,y
1289,Total - Aboriginal identity for the population in private households - 25% sample data,y
1290,Aboriginal identity,y
1291,Single Aboriginal responses,
1292,First Nations (North American Indian),
1293,Métis,
1294,Inuk (Inuit),
1295,Multiple Aboriginal responses,
1296,Aboriginal responses not included elsewhere,
1297,Non-Aboriginal identity,y
1298,Total - Population by Registered or Treaty Indian status for the population in private households - 25% sample data,
1299,Registered or Treaty Indian,
1300,Not a Registered or Treaty Indian,
1301,Total - Aboriginal ancestry for the population in private households - 25% sample data,
1302,Aboriginal ancestry (only),
1303,Single Aboriginal ancestry (only),
1304,First Nations (North American Indian) single ancestry,
1305,Métis single ancestry,
1306,Inuit single ancestry,
1307,Multiple Aboriginal ancestries (only),
1308,First Nations (North American Indian) and Métis ancestries,
1309,First Nations (North American Indian) and Inuit ancestries,
1310,Métis and Inuit ancestries,
1311,"First Nations (North American Indian), Métis and Inuit ancestries",
1312,Aboriginal and non-Aboriginal ancestries,
1313,Single Aboriginal and non-Aboriginal ancestries,
1314,First Nations (North American Indian) and non-Aboriginal ancestries,
1315,Métis and non-Aboriginal ancestries,
1316,Inuit and non-Aboriginal ancestries,
1317,Multiple Aboriginal and non-Aboriginal ancestries,
1318,"First Nations (North American Indian), Métis and non-Aboriginal ancestries",
1319,"First Nations (North American Indian), Inuit and non-Aboriginal ancestries",
1320,"Métis, Inuit and non-Aboriginal ancestries",
1321,"First Nations (North American Indian), Métis, Inuit and non-Aboriginal ancestries",
1322,Non-Aboriginal ancestry (only),
1323,Total - Visible minority for the population in private households - 25% sample data,y
1324,Total visible minority population,y
1325,South Asian,
1326,Chinese,
1327,Black,
1328,Filipino,
1329,Latin American,
1330,Arab,
1331,Southeast Asian,
1332,West Asian,
1333,Korean,
1334,Japanese,
1335,"Visible minority, n.i.e.",
1336,Multiple visible minorities,
1337,Not a visible minority,y
1338,Total - Ethnic origin for the population in private households - 25% sample data,
1339,North American Aboriginal origins,
1340,First Nations (North American Indian),
1341,Inuit,
1342,Métis,
1343,Other North American origins,
1344,Acadian,
1345,American,
1346,Canadian,
1347,New Brunswicker,
1348,Newfoundlander,
1349,Nova Scotian,
1350,Ontarian,
1351,Québécois,
1352,"Other North American origins, n.i.e.",
1353,European origins,
1354,British Isles origins,
1355,Channel Islander,
1356,Cornish,
1357,English,
1358,Irish,
1359,Manx,
1360,Scottish,
1361,Welsh,
1362,"British Isles origins, n.i.e.",
1363,French origins,
1364,Alsatian,
1365,Breton,
1366,Corsican,
1367,French,
1368,Western European origins (except French origins),
1369,Austrian,
1370,Bavarian,
1371,Belgian,
1372,Dutch,
1373,Flemish,
1374,Frisian,
1375,German,
1376,Luxembourger,
1377,Swiss,
1378,"Western European origins, n.i.e.",
1379,Northern European origins (except British Isles origins),
1380,Danish,
1381,Finnish,
1382,Icelandic,
1383,Norwegian,
1384,Swedish,
1385,"Northern European origins, n.i.e.",
1386,Eastern European origins,
1387,Bulgarian,
1388,Byelorussian,
1389,Czech,
1390,"Czechoslovakian, n.o.s.",
1391,Estonian,
1392,Hungarian,
1393,Latvian,
1394,Lithuanian,
1395,Moldovan,
1396,Polish,
1397,Romanian,
1398,Russian,
1399,Slovak,
1400,Ukrainian,
1401,"Eastern European origins, n.i.e.",
1402,Southern European origins,
1403,Albanian,
1404,Bosnian,
1405,Catalan,
1406,Croatian,
1407,Cypriot,
1408,Greek,
1409,Italian,
1410,Kosovar,
1411,Macedonian,
1412,Maltese,
1413,Montenegrin,
1414,Portuguese,
1415,Serbian,
1416,Sicilian,
1417,Slovenian,
1418,Spanish,
1419,"Yugoslavian, n.o.s.",
1420,"Southern European origins, n.i.e.",
1421,Other European origins,
1422,Basque,
1423,Jewish,
1424,Roma (Gypsy),
1425,"Slavic, n.o.s.",
1426,"Other European origins, n.i.e.",
1427,Caribbean origins,
1428,Antiguan,
1429,Bahamian,
1430,Barbadian,
1431,Bermudan,
1432,Carib,
1433,Cuban,
1434,Dominican,
1435,Grenadian,
1436,Guadeloupean,
1437,Haitian,
1438,Jamaican,
1439,Kittitian/Nevisian,
1440,Martinican,
1441,Montserratan,
1442,Puerto Rican,
1443,St. Lucian,
1444,Trinidadian/Tobagonian,
1445,Vincentian/Grenadinian,
1446,"West Indian, n.o.s.",
1447,"Caribbean origins, n.i.e.",
1448,"Latin, Central and South American origins",
1449,Aboriginal from Central/South America (except Arawak and Maya),
1450,Arawak,
1451,Argentinian,
1452,Belizean,
1453,Bolivian,
1454,Brazilian,
1455,Chilean,
1456,Colombian,
1457,Costa Rican,
1458,Ecuadorian,
1459,Guatemalan,
1460,Guyanese,
1461,Hispanic,
1462,Honduran,
1463,Maya,
1464,Mexican,
1465,Nicaraguan,
1466,Panamanian,
1467,Paraguayan,
1468,Peruvian,
1469,Salvadorean,
1470,Uruguayan,
1471,Venezuelan,
1472,"Latin, Central and South American origins, n.i.e.",
1473,African origins,
1474,Central and West African origins,
1475,Akan,
1476,Angolan,
1477,Ashanti,
1478,Beninese,
1479,Burkinabe,
1480,Cameroonian,
1481,Chadian,
1482,Congolese,
1483,Edo,
1484,Ewe,
1485,Gabonese,
1486,Gambian,
1487,Ghanaian,
1488,Guinean,
1489,Ibo,
1490,Ivorian,
1491,Liberian,
1492,Malian,
1493,Malinké,
1494,Nigerian,
1495,Peulh,
1496,Senegalese,
1497,Sierra Leonean,
1498,Togolese,
1499,Wolof,
1500,Yoruba,
1501,"Central and West African origins, n.i.e.",
1502,North African origins,
1503,Algerian,
1504,Berber,
1505,Coptic,
1506,Dinka,
1507,Egyptian,
1508,Libyan,
1509,Maure,
1510,Moroccan,
1511,Sudanese,
1512,Tunisian,
1513,"North African origins, n.i.e.",
1514,Southern and East African origins,
1515,Afrikaner,
1516,Amhara,
1517,"Bantu, n.o.s.",
1518,Burundian,
1519,Djiboutian,
1520,Eritrean,
1521,Ethiopian,
1522,Harari,
1523,Kenyan,
1524,Malagasy,
1525,Mauritian,
1526,Oromo,
1527,Rwandan,
1528,Seychellois,
1529,Somali,
1530,South African,
1531,Tanzanian,
1532,Tigrian,
1533,Ugandan,
1534,Zambian,
1535,Zimbabwean,
1536,Zulu,
1537,"Southern and East African origins, n.i.e.",
1538,Other African origins,
1539,"Black, n.o.s.",
1540,"Other African origins, n.i.e.",
1541,Asian origins,
1542,West Central Asian and Middle Eastern origins,
1543,Afghan,
1544,"Arab, n.o.s.",
1545,Armenian,
1546,Assyrian,
1547,Azerbaijani,
1548,Georgian,
1549,Hazara,
1550,Iranian,
1551,Iraqi,
1552,Israeli,
1553,Jordanian,
1554,Kazakh,
1555,Kurd,
1556,Kuwaiti,
1557,Kyrgyz,
1558,Lebanese,
1559,Palestinian,
1560,Pashtun,
1561,Saudi Arabian,
1562,Syrian,
1563,Tajik,
1564,Tatar,
1565,Turk,
1566,Turkmen,
1567,Uighur,
1568,Uzbek,
1569,Yemeni,
1570,"West Central Asian and Middle Eastern origins, n.i.e.",
1571,South Asian origins,
1572,Bangladeshi,
1573,Bengali,
1574,Bhutanese,
1575,East Indian,
1576,Goan,
1577,Gujarati,
1578,Kashmiri,
1579,Nepali,
1580,Pakistani,
1581,Punjabi,
1582,Sinhalese,
1583,Sri Lankan,
1584,Tamil,
1585,"South Asian origins, n.i.e.",
1586,East and Southeast Asian origins,
1587,Burmese,
1588,Cambodian (Khmer),
1589,Chinese,
1590,Filipino,
1591,Hmong,
1592,Indonesian,
1593,Japanese,
1594,Karen,
1595,Korean,
1596,Laotian,
1597,Malaysian,
1598,Mongolian,
1599,Singaporean,
1600,Taiwanese,
1601,Thai,
1602,Tibetan,
1603,Vietnamese,
1604,"East and Southeast Asian origins, n.i.e.",
1605,Other Asian origins,
1606,"Other Asian origins, n.i.e.",
1607,Oceania origins,
1608,Australian,
1609,New Zealander,
1610,Pacific Islands origins,
1611,Fijian,
1612,Hawaiian,
1613,Maori,
1614,Samoan,
1615,"Polynesian, n.o.s.",
1616,"Pacific Islands origins, n.i.e.",
1617,Total - Private households by tenure - 25% sample data,y
1618,Owner,y
1619,Renter,y
1620,Band housing,y
1621,Total - Occupied private dwellings by condominium status - 25% sample data,y
1622,Condominium,y
1623,Not condominium,y
1624,Total - Occupied private dwellings by number of bedrooms - 25% sample data,y
1625,No bedrooms,y
1626,1 bedroom,y
1627,2 bedrooms,y
1628,3 bedrooms,y
1629,4 or more bedrooms,y
1630,Total - Occupied private dwellings by number of rooms - 25% sample data,
1631,1 to 4 rooms,
1632,5 rooms,
1633,6 rooms,
1634,7 rooms,
1635,8 or more rooms,
1636,Average number of rooms per dwelling,y
1637,Total - Private households by number of persons per room - 25% sample data,
1638,One person or fewer per room,
1639,More than 1 person per room,
1640,Total - Private households by housing suitability - 25% sample data,y
1641,Suitable,y
1642,Not suitable,y
1643,Total - Occupied private dwellings by period of construction - 25% sample data,y
1644,1960 or before,y
1645,1961 to 1980,y
1646,1981 to 1990,y
1647,1991 to 2000,y
1648,2001 to 2005,y
1649,2006 to 2010,y
1650,2011 to 2016,y
1651,Total - Occupied private dwellings by dwelling condition - 25% sample data,y
1652,Only regular maintenance or minor repairs needed,y
1653,Major repairs needed,y
1654,Total - Private households by number of household maintainers - 25% sample data,
1655,1 household maintainer,
1656,2 household maintainers,
1657,3 or more household maintainers,
1658,Total - Private households by age of primary household maintainers - 25% sample data,y
1659,15 to 24 years,y
1660,25 to 34 years,y
1661,35 to 44 years,y
1662,45 to 54 years,y
1663,55 to 64 years,y
1664,65 to 74 years,y
1665,75 to 84 years,y
1666,85 years and over,y
1667,"Total -  Owner and tenant households with household total income greater than zero, in non-farm, non-reserve private dwellings by shelter-cost-to-income ratio - 25% sample data",y
1668,Spending less than 30% of income on shelter costs,y
1669,Spending 30% or more of income on shelter costs,y
1670,30% to less than 100%,y
1671,"Total - Owner households in non-farm, non-reserve private dwellings - 25% sample data",y
1672,% of owner households with a mortgage,y
1673,% of owner households spending 30% or more of its income on shelter costs,y
1674,Median monthly shelter costs for owned dwellings ($),y
1675,Average monthly shelter costs for owned dwellings ($),y
1676,Median value of dwellings ($),
1677,Average value of dwellings ($),
1678,"Total - Tenant households in non-farm, non-reserve private dwellings - 25% sample data",y
1679,% of tenant households in subsidized housing,y
1680,% of tenant households spending 30% or more of its income on shelter costs,y
1681,Median monthly shelter costs for rented dwellings ($),y
1682,Average monthly shelter costs for rented dwellings ($),y
1683,"Total - Highest certificate, diploma or degree for the population aged 15 years and over in private households - 25% sample data",y
1684,"No certificate, diploma or degree",y
1685,Secondary (high) school diploma or equivalency certificate,y
1686,"Postsecondary certificate, diploma or degree",y
1687,Apprenticeship or trades certificate or diploma,
1688,Trades certificate or diploma other than Certificate of Apprenticeship or Certificate of Qualification,
1689,Certificate of Apprenticeship or Certificate of Qualification,
1690,"College, CEGEP or other non-university certificate or diploma",
1691,University certificate or diploma below bachelor level,
1692,"University certificate, diploma or degree at bachelor level or above",
1693,Bachelor's degree,
1694,University certificate or diploma above bachelor level,
1695,"Degree in medicine, dentistry, veterinary medicine or optometry",
1696,Master's degree,
1697,Earned doctorate,
1698,"Total - Highest certificate, diploma or degree for the population aged 25 to 64 years in private households - 25% sample data",y
1699,"No certificate, diploma or degree",y
1700,Secondary (high) school diploma or equivalency certificate,y
1701,"Postsecondary certificate, diploma or degree",y
1702,Apprenticeship or trades certificate or diploma,
1703,Trades certificate or diploma other than Certificate of Apprenticeship or Certificate of Qualification,
1704,Certificate of Apprenticeship or Certificate of Qualification,
1705,"College, CEGEP or other non-university certificate or diploma",
1706,University certificate or diploma below bachelor level,
1707,"University certificate, diploma or degree at bachelor level or above",
1708,Bachelor's degree,
1709,University certificate or diploma above bachelor level,
1710,"Degree in medicine, dentistry, veterinary medicine or optometry",
1711,Master's degree,
1712,Earned doctorate,
1713,Total - Major field of study - Classification of Instructional Programs (CIP) 2016 for the population aged 15 years and over in private households - 25% sample data,
1714,"No postsecondary certificate, diploma or degree",
1715,Education,
1716,13. Education,
1717,"Visual and performing arts, and communications technologies",
1718,10. Communications technologies/technicians and support services,
1719,50. Visual and performing arts,
1720,Humanities,
1721,"16. Aboriginal and foreign languages, literatures and linguistics",
1722,23. English language and literature/letters,
1723,"24. Liberal arts and sciences, general studies and humanities",
1724,30A Interdisciplinary humanities,
1725,38. Philosophy and religious studies,
1726,39. Theology and religious vocations,
1727,54. History,
1728,55. French language and literature/letters,
1729,Social and behavioural sciences and law,
1730,"05. Area, ethnic, cultural, gender, and group studies",
1731,"09. Communication, journalism and related programs",
1732,19. Family and consumer sciences/human sciences,
1733,22. Legal professions and studies,
1734,30B Interdisciplinary social and behavioural sciences,
1735,42. Psychology,
1736,45. Social sciences,
1737,"Business, management and public administration",
1738,30.16 Accounting and computer science,
1739,44. Public administration and social service professions,
1740,"52. Business, management, marketing and related support services",
1741,Physical and life sciences and technologies,
1742,26. Biological and biomedical sciences,
1743,30.01 Biological and physical sciences,
1744,30C Other interdisciplinary physical and life sciences,
1745,40. Physical sciences,
1746,41. Science technologies/technicians,
1747,"Mathematics, computer and information sciences",
1748,11. Computer and information sciences and support services,
1749,25. Library science,
1750,27. Mathematics and statistics,
1751,"30D Interdisciplinary mathematics, computer and information sciences",
1752,"Architecture, engineering, and related technologies",
1753,04. Architecture and related services,
1754,14. Engineering,
1755,15. Engineering technologies and engineering-related fields,
1756,30.12 Historic preservation and conservation,
1757,46. Construction trades,
1758,47. Mechanic and repair technologies/technicians,
1759,48. Precision production,
1760,"Agriculture, natural resources and conservation",
1761,"01. Agriculture, agriculture operations and related sciences",
1762,03. Natural resources and conservation,
1763,Health and related fields,
1764,"31. Parks, recreation, leisure and fitness studies",
1765,51. Health professions and related programs,
1766,"60. Dental, medical and veterinary residency programs",
1767,"Personal, protective and transportation services",
1768,12. Personal and culinary services,
1769,"28. Military science, leadership and operational art",
1770,29. Military technologies and applied sciences,
1771,43. Security and protective services,
1772,49. Transportation and materials moving,
1773,Other,
1774,"30.99 Multidisciplinary/interdisciplinary studies, other",
1775,Total - Major field of study - Classification of Instructional Programs (CIP) 2016 for the population aged 25 to 64 years in private households - 25% sample data,
1776,"No postsecondary certificate, diploma or degree",
1777,Education,
1778,13. Education,
1779,"Visual and performing arts, and communications technologies",
1780,10. Communications technologies/technicians and support services,
1781,50. Visual and performing arts,
1782,Humanities,
1783,"16. Aboriginal and foreign languages, literatures and linguistics",
1784,23. English language and literature/letters,
1785,"24. Liberal arts and sciences, general studies and humanities",
1786,30A Interdisciplinary humanities,
1787,38. Philosophy and religious studies,
1788,39. Theology and religious vocations,
1789,54. History,
1790,55. French language and literature/letters,
1791,Social and behavioural sciences and law,
1792,"05. Area, ethnic, cultural, gender, and group studies",
1793,"09. Communication, journalism and related programs",
1794,19. Family and consumer sciences/human sciences,
1795,22. Legal professions and studies,
1796,30B Interdisciplinary social and behavioural sciences,
1797,42. Psychology,
1798,45. Social sciences,
1799,"Business, management and public administration",
1800,30.16 Accounting and computer science,
1801,44. Public administration and social service professions,
1802,"52. Business, management, marketing and related support services",
1803,Physical and life sciences and technologies,
1804,26. Biological and biomedical sciences,
1805,30.01 Biological and physical sciences,
1806,30C Other interdisciplinary physical and life sciences,
1807,40. Physical sciences,
1808,41. Science technologies/technicians,
1809,"Mathematics, computer and information sciences",
1810,11. Computer and information sciences and support services,
1811,25. Library science,
1812,27. Mathematics and statistics,
1813,"30D Interdisciplinary mathematics, computer and information sciences",
1814,"Architecture, engineering, and related technologies",
1815,04. Architecture and related services,
1816,14. Engineering,
1817,15. Engineering technologies and engineering-related fields,
1818,30.12 Historic preservation and conservation,
1819,46. Construction trades,
1820,47. Mechanic and repair technologies/technicians,
1821,48. Precision production,
1822,"Agriculture, natural resources and conservation",
1823,"01. Agriculture, agriculture operations and related sciences",
1824,03. Natural resources and conservation,
1825,Health and related fields,
1826,"31. Parks, recreation, leisure and fitness studies",
1827,51. Health professions and related programs,
1828,"60. Dental, medical and veterinary residency programs",
1829,"Personal, protective and transportation services",
1830,12. Personal and culinary services,
1831,"28. Military science, leadership and operational art",
1832,29. Military technologies and applied sciences,
1833,43. Security and protective services,
1834,49. Transportation and materials moving,
1835,Other,
1836,"30.99 Multidisciplinary/interdisciplinary studies, other",
1837,Total - Location of study compared with province or territory of residence with countries outside Canada for the population aged 15 years and over in private households - 25% sample data,
1838,"No postsecondary certificate, diploma or degree",
1839,"Postsecondary certificate, diploma or degree",
1840,Location of study inside Canada,
1841,Same as province or territory of residence,
1842,Different than province or territory of residence,
1843,Location of study outside Canada,
1844,United States,
1845,Philippines,
1846,India,
1847,United Kingdom,
1848,China,
1849,France,
1850,Other,
1851,Total - Location of study compared with province or territory of residence with countries outside Canada for the population aged 25 to 64 years in private households - 25% sample data,
1852,"No postsecondary certificate, diploma or degree",
1853,"Postsecondary certificate, diploma or degree",
1854,Location of study inside Canada,
1855,Same as province or territory of residence,
1856,Different than province or territory of residence,
1857,Location of study outside Canada,
1858,United States,
1859,Philippines,
1860,India,
1861,United Kingdom,
1862,China,
1863,France,
1864,Other,
1865,Total - Population aged 15 years and over by Labour force status - 25% sample data,y
1866,In the labour force,y
1867,Employed,y
1868,Unemployed,y
1869,Not in the labour force,y
1870,Participation rate,y
1871,Employment rate,y
1872,Unemployment rate,y
1873,Total population aged 15 years and over by work activity during the reference year - 25% sample data,
1874,Did not work,
1875,Worked,
1876,"Worked full year, full time",
1877,Worked part year and/or part time,
1878,Average weeks worked in reference year,
1879,Total labour force aged 15 years and over by class of worker - 25% sample data,
1880,Class of worker - not applicable,
1881,All classes of workers,
1882,Employee,
1883,Self-employed,
1884,Total labour force population aged 15 years and over by occupation - National Occupational Classification (NOC) 2016 - 25% sample data,
1885,Occupation - not applicable,
1886,All occupations,
1887,0 Management occupations,
1888,"1 Business, finance and administration occupations",
1889,2 Natural and applied sciences and related occupations,
1890,3 Health occupations,
1891,"4 Occupations in education, law and social, community and government services",
1892,"5 Occupations in art, culture, recreation and sport",
1893,6 Sales and service occupations,
1894,"7 Trades, transport and equipment operators and related occupations",
1895,"8 Natural resources, agriculture and related production occupations",
1896,9 Occupations in manufacturing and utilities,
1897,Total Labour Force population aged 15 years and over by Industry - North American Industry Classification System (NAICS) 2012 - 25% sample data,y
1898,Industry - NAICS2012 - not applicable,y
1899,All industry categories,y
1900,"11 Agriculture, forestry, fishing and hunting",y
1901,"21 Mining, quarrying, and oil and gas extraction",y
1902,22 Utilities,y
1903,23 Construction,y
1904,31-33 Manufacturing,y
1905,41 Wholesale trade,y
1906,44-45 Retail trade,y
1907,48-49 Transportation and warehousing,y
1908,51 Information and cultural industries,y
1909,52 Finance and insurance,y
1910,53 Real estate and rental and leasing,y
1911,"54 Professional, scientific and technical services",y
1912,55 Management of companies and enterprises,y
1913,"56 Administrative and support, waste management and remediation services",y
1914,61 Educational services,y
1915,62 Health care and social assistance,y
1916,"71 Arts, entertainment and recreation",y
1917,72 Accommodation and food services,y
1918,81 Other services (except public administration),y
1919,91 Public administration,y
1920,Total - Place of work status for the employed labour force aged 15 years and over in private households - 25% sample data,y
1921,Worked at home,y
1922,Worked outside Canada,y
1923,No fixed workplace address,y
1924,Worked at usual place,y
1925,Total - Commuting destination for the employed labour force aged 15 years and over in private households with a usual place of work - 25% sample data,
1926,Commute within census subdivision (CSD) of residence,
1927,Commute to a different census subdivision (CSD) within census division (CD) of residence,
1928,Commute to a different census subdivision (CSD) and census division (CD) within province or territory of residence,
1929,Commute to a different province or territory,
1930,Total - Main mode of commuting for the employed labour force aged 15 years and over in private households with a usual place of work or no fixed workplace address - 25% sample data,
1931,"Car, truck, van - as a driver",
1932,"Car, truck, van - as a passenger",
1933,Public transit,
1934,Walked,
1935,Bicycle,
1936,Other method,
1937,Total - Commuting duration for the employed labour force aged 15 years and over in private households with a usual place of work or no fixed workplace address - 25% sample data,
1938,Less than 15 minutes,
1939,15 to 29 minutes,
1940,30 to 44 minutes,
1941,45 to 59 minutes,
1942,60 minutes and over,
1943,Total - Time leaving for work for the employed labour force aged 15 years and over in private households with a usual place of work or no fixed workplace address - 25% sample data,
1944,Between 5 a.m. and 5:59 a.m.,
1945,Between 6 a.m. and 6:59 a.m.,
1946,Between 7 a.m. and 7:59 a.m.,
1947,Between 8 a.m. and 8:59 a.m.,
1948,Between 9 a.m. and 11:59 a.m.,
1949,Between 12 p.m. and 4:59 a.m.,
1950,"Total - Language used most often at work for the population in private households aged 15 years and over who worked since January 1, 2015 - 25% sample data",
1951,Single responses,
1952,Official languages,
1953,English,
1954,French,
1955,Non-official languages,
1956,Aboriginal languages,
1957,Algonquian languages,
1958,Blackfoot,
1959,Cree-Montagnais languages,
1960,Atikamekw,
1961,Montagnais (Innu),
1962,Moose Cree,
1963,Naskapi,
1964,Northern East Cree,
1965,Plains Cree,
1966,Southern East Cree,
1967,Swampy Cree,
1968,Woods Cree,
1969,"Cree, n.o.s.",
1970,Eastern Algonquian languages,
1971,Malecite,
1972,Mi'kmaq,
1973,Ojibway-Potawatomi languages,
1974,Algonquin,
1975,Ojibway,
1976,Oji-Cree,
1977,Ottawa (Odawa),
1978,"Algonquian languages, n.i.e.",
1979,Athabaskan languages,
1980,Northern Athabaskan languages,
1981,Babine (Wetsuwet'en),
1982,Beaver,
1983,Carrier,
1984,Chilcotin,
1985,Dene,
1986,Dogrib (Tlicho),
1987,Gwich'in,
1988,Sarsi (Sarcee),
1989,Sekani,
1990,Slavey-Hare languages,
1991,North Slavey (Hare),
1992,South Slavey,
1993,"Slavey, n.o.s.",
1994,Tahltan languages,
1995,Kaska (Nahani),
1996,Tahltan,
1997,Tutchone languages,
1998,Northern Tutchone,
1999,Southern Tutchone,
2000,"Athabaskan languages, n.i.e.",
2001,Haida,
2002,Inuit languages,
2003,Inuinnaqtun (Inuvialuktun),
2004,Inuktitut,
2005,"Inuit languages, n.i.e.",
2006,Iroquoian languages,
2007,Cayuga,
2008,Mohawk,
2009,Oneida,
2010,"Iroquoian languages, n.i.e.",
2011,Kutenai,
2012,Michif,
2013,Salish languages,
2014,Comox,
2015,Halkomelem,
2016,Lillooet,
2017,Okanagan,
2018,Shuswap (Secwepemctsin),
2019,Squamish,
2020,Straits,
2021,Thompson (Ntlakapamux),
2022,"Salish languages, n.i.e.",
2023,Siouan languages,
2024,Dakota,
2025,Stoney,
2026,"Siouan languages, n.i.e.",
2027,Tlingit,
2028,Tsimshian languages,
2029,Gitxsan (Gitksan),
2030,Nisga'a,
2031,Tsimshian,
2032,Wakashan languages,
2033,Haisla,
2034,Heiltsuk,
2035,Kwakiutl (Kwak'wala),
2036,Nuu-chah-nulth (Nootka),
2037,"Wakashan languages, n.i.e.",
2038,"Aboriginal languages, n.o.s.",
2039,Non-Aboriginal languages,
2040,Afro-Asiatic languages,
2041,Berber languages,
2042,Kabyle,
2043,"Berber languages, n.i.e.",
2044,Cushitic languages,
2045,Bilen,
2046,Oromo,
2047,Somali,
2048,"Cushitic languages, n.i.e.",
2049,Semitic languages,
2050,Amharic,
2051,Arabic,
2052,Assyrian Neo-Aramaic,
2053,Chaldean Neo-Aramaic,
2054,Harari,
2055,Hebrew,
2056,Maltese,
2057,Tigrigna,
2058,"Semitic languages, n.i.e.",
2059,"Afro-Asiatic languages, n.i.e.",
2060,Austro-Asiatic languages,
2061,Khmer (Cambodian),
2062,Vietnamese,
2063,"Austro-Asiatic languages, n.i.e",
2064,Austronesian languages,
2065,Bikol,
2066,Cebuano,
2067,Fijian,
2068,Hiligaynon,
2069,Ilocano,
2070,Malagasy,
2071,Malay,
2072,"Pampangan (Kapampangan, Pampango)",
2073,Pangasinan,
2074,"Tagalog (Pilipino, Filipino)",
2075,Waray-Waray,
2076,"Austronesian languages, n.i.e.",
2077,Creole languages,
2078,Haitian Creole,
2079,"Creole, n.o.s.",
2080,"Creole languages, n.i.e.",
2081,Dravidian languages,
2082,Kannada,
2083,Malayalam,
2084,Tamil,
2085,Telugu,
2086,"Dravidian languages, n.i.e.",
2087,Hmong-Mien languages,
2088,Indo-European languages,
2089,Albanian,
2090,Armenian,
2091,Balto-Slavic languages,
2092,Baltic languages,
2093,Latvian,
2094,Lithuanian,
2095,Slavic languages,
2096,Belarusan,
2097,Bosnian,
2098,Bulgarian,
2099,Croatian,
2100,Czech,
2101,Macedonian,
2102,Polish,
2103,Russian,
2104,Serbian,
2105,Serbo-Croatian,
2106,Slovak,
2107,Slovene (Slovenian),
2108,Ukrainian,
2109,"Slavic languages, n.i.e.",
2110,Celtic languages,
2111,Scottish Gaelic,
2112,Welsh,
2113,"Celtic languages, n.i.e.",
2114,Germanic languages,
2115,Afrikaans,
2116,Danish,
2117,Dutch,
2118,Frisian,
2119,German,
2120,Icelandic,
2121,Norwegian,
2122,Swedish,
2123,Vlaams (Flemish),
2124,Yiddish,
2125,"Germanic languages, n.i.e.",
2126,Greek,
2127,Indo-Iranian languages,
2128,Indo-Aryan languages,
2129,Bengali,
2130,Gujarati,
2131,Hindi,
2132,Kashmiri,
2133,Konkani,
2134,Marathi,
2135,Nepali,
2136,Oriya (Odia),
2137,Punjabi (Panjabi),
2138,Sindhi,
2139,Sinhala (Sinhalese),
2140,Urdu,
2141,Iranian languages,
2142,Kurdish,
2143,Pashto,
2144,Persian (Farsi),
2145,"Indo-Iranian languages, n.i.e.",
2146,Italic (Romance) languages,
2147,Catalan,
2148,Italian,
2149,Portuguese,
2150,Romanian,
2151,Spanish,
2152,"Italic (Romance) languages, n.i.e.",
2153,Japanese,
2154,Kartvelian languages,
2155,Georgian,
2156,Korean,
2157,Mongolic languages,
2158,Mongolian,
2159,Niger-Congo languages,
2160,Akan (Twi),
2161,Bamanankan,
2162,Edo,
2163,Ewe,
2164,"Fulah (Pular, Pulaar, Fulfulde)",
2165,Ga,
2166,Ganda,
2167,Igbo,
2168,Lingala,
2169,Rundi (Kirundi),
2170,Kinyarwanda (Rwanda),
2171,Shona,
2172,Swahili,
2173,Wolof,
2174,Yoruba,
2175,"Niger-Congo languages, n.i.e.",
2176,Nilo-Saharan languages,
2177,Dinka,
2178,"Nilo-Saharan languages, n.i.e.",
2179,Sign languages,
2180,American Sign Language,
2181,Quebec Sign Language,
2182,"Sign languages, n.i.e",
2183,Sino-Tibetan languages,
2184,Chinese languages,
2185,Cantonese,
2186,Hakka,
2187,Mandarin,
2188,Min Dong,
2189,"Min Nan (Chaochow, Teochow, Fukien, Taiwanese)",
2190,Wu (Shanghainese),
2191,"Chinese, n.o.s.",
2192,"Chinese languages, n.i.e.",
2193,Tibeto-Burman languages,
2194,Burmese,
2195,Karenic languages,
2196,Tibetan,
2197,"Tibeto-Burman languages, n.i.e.",
2198,Tai-Kadai languages,
2199,Lao,
2200,Thai,
2201,"Tai-Kadai languages, n.i.e",
2202,Turkic languages,
2203,Azerbaijani,
2204,Turkish,
2205,Uyghur,
2206,Uzbek,
2207,"Turkic languages, n.i.e.",
2208,Uralic languages,
2209,Estonian,
2210,Finnish,
2211,Hungarian,
2212,"Uralic languages, n.i.e.",
2213,"Other languages, n.i.e.",
2214,Multiple responses,
2215,English and French,
2216,English and non-official language,
2217,French and non-official language,
2218,"English, French and non-official language",
2219,"Total - Other language(s) used regularly at work for the population in private households aged 15 years and over who worked since January 1, 2015 - 25% Sample Data",
2220,None,
2221,English,
2222,French,
2223,Non-official language,
2224,Aboriginal,
2225,Non-Aboriginal,
2226,English and French,
2227,English and non-official language,
2228,French and non-official language,
2229,"English, French and non-official language",
2230,Total - Mobility status 1 year ago - 25% sample data,y
2231,Non-movers,y
2232,Movers,y
2233,Non-migrants,y
2234,Migrants,y
2235,Internal migrants,y
2236,Intraprovincial migrants,y
2237,Interprovincial migrants,y
2238,External migrants,y
2239,Total - Mobility status 5 years ago - 25% sample data,y
2240,Non-movers,y
2241,Movers,y
2242,Non-migrants,y
2243,Migrants,y
2244,Internal migrants,y
2245,Intraprovincial migrants,y
2246,Interprovincial migrants,y
2247,External migrants,y
