"geo","dguid","component","age","row","2001/2002","2002/2003","2003/2004","2004/2005","2005/2006","2006/2007","2007/2008","2008/2009","2009/2010","2010/2011","2011/2012","2012/2013","2013/2014","2014/2015","2015/2016","2016/2017","2017/2018","2018/2019","2019/2020","2020/2021","2021/2022","2022/2023","2023/2024","2024/2025"
"Canada",1,"Births","Total",1,329131,331640,339351,341833,349162,363935,376992,383257,382159,378665,380335,382609,382877,383839,384300,380554,377163,373307,371321,362563,364449,352676,361770,368928
"Newfoundland and Labrador",10,"Births","Total",1,4640,4598,4602,4546,4525,4500,4661,4926,4946,4777,4373,4457,4601,4473,4435,4391,3989,3893,3700,3694,3795,3315,3315,3418
"Division No. 1, Newfoundland and Labrador",1001,"Births","Total",1,2296,2362,2322,2344,2468,2422,2519,2727,2682,2611,2448,2470,2629,2570,2553,2501,2250,2250,2133,2167,2233,1943,1971,2032
"Division No. 2, Newfoundland and Labrador",1002,"Births","Total",1,242,171,182,181,153,154,180,168,171,170,151,134,135,128,141,127,116,124,119,108,100,90,91,93
"Division No. 3, Newfoundland and Labrador",1003,"Births","Total",1,151,158,144,142,83,132,105,122,106,116,94,95,115,87,87,80,76,75,65,76,78,59,54,56
"Division No. 4, Newfoundland and Labrador",1004,"Births","Total",1,184,178,164,165,165,168,170,197,177,162,167,151,172,144,137,139,108,134,99,95,104,104,107,110
"Division No. 5, Newfoundland and Labrador",1005,"Births","Total",1,341,342,372,361,315,338,360,344,370,393,354,321,333,347,301,318,327,290,245,285,300,271,248,255
"Division No. 6, Newfoundland and Labrador",1006,"Births","Total",1,335,369,350,338,325,328,324,336,388,339,297,307,316,301,307,316,313,247,286,257,262,248,217,223
"Division No. 7, Newfoundland and Labrador",1007,"Births","Total",1,293,290,293,269,269,233,247,255,296,254,220,263,237,251,243,257,226,183,201,173,185,141,174,180
"Division No. 8, Newfoundland and Labrador",1008,"Births","Total",1,304,293,312,287,275,269,278,280,257,255,203,207,202,221,205,190,162,207,176,183,169,153,131,136
"Division No. 9, Newfoundland and Labrador",1009,"Births","Total",1,148,132,123,129,141,122,120,114,120,97,83,101,91,82,92,90,84,69,73,68,56,53,58,60
"Division No. 10, Newfoundland and Labrador",1010,"Births","Total",1,313,274,308,299,292,285,308,338,335,332,298,360,330,308,326,328,279,280,260,251,266,224,240,249
"Division No. 11, Newfoundland and Labrador",1011,"Births","Total",1,33,29,32,31,39,49,50,45,44,48,58,48,41,34,43,45,48,34,43,31,42,29,24,24
"Prince Edward Island",11,"Births","Total",1,1313,1374,1403,1372,1329,1428,1447,1471,1407,1432,1407,1340,1398,1375,1397,1388,1295,1308,1344,1412,1393,1275,1380,1375
"Kings, Prince Edward Island",1101,"Births","Total",1,198,154,162,187,170,175,176,192,146,183,183,153,143,147,148,162,137,163,168,153,163,150,167,167
"Queens, Prince Edward Island",1102,"Births","Total",1,655,736,749,704,699,801,809,837,806,833,807,788,828,804,853,816,755,760,756,851,821,741,759,756
"Prince, Prince Edward Island",1103,"Births","Total",1,460,484,492,481,460,452,462,442,455,416,417,399,427,424,396,410,403,385,420,408,409,384,454,452
"Nova Scotia",12,"Births","Total",1,8763,8676,8774,8685,8542,8769,9187,8980,9131,8837,8936,8526,8384,8525,8361,8221,8106,7967,7984,7683,7939,7938,7936,7935
"Shelburne, Nova Scotia",1201,"Births","Total",1,160,135,135,127,145,121,115,118,135,115,108,117,113,112,143,114,125,110,112,107,107,106,108,108
"Yarmouth, Nova Scotia",1202,"Births","Total",1,292,260,254,253,220,239,256,271,246,222,221,210,186,237,219,215,196,206,180,192,180,208,174,174
"Digby, Nova Scotia",1203,"Births","Total",1,159,156,157,119,155,140,137,146,125,110,115,130,107,108,126,135,106,133,118,119,118,120,115,115
"Queens, Nova Scotia",1204,"Births","Total",1,86,98,88,88,84,78,94,68,81,87,58,65,60,63,60,56,64,68,68,53,50,45,57,57
"Annapolis, Nova Scotia",1205,"Births","Total",1,162,171,142,166,165,177,178,166,171,157,160,148,137,150,152,151,136,129,141,138,138,141,181,181
"Lunenburg, Nova Scotia",1206,"Births","Total",1,358,349,346,334,282,341,318,349,348,350,354,373,319,330,350,352,350,329,299,308,291,313,276,276
"Kings, Nova Scotia",1207,"Births","Total",1,593,580,527,578,563,566,563,536,542,599,596,569,594,581,537,522,502,496,538,473,528,521,499,498
"Hants, Nova Scotia",1208,"Births","Total",1,371,400,399,383,422,455,440,431,483,464,467,399,438,449,439,414,394,412,348,406,400,400,404,404
"Halifax, Nova Scotia",1209,"Births","Total",1,3851,3925,4072,3958,3847,3972,4253,4155,4283,4178,4263,4101,3999,4103,4007,3919,3890,3915,3990,3824,3931,3908,3984,3983
"Colchester, Nova Scotia",1210,"Births","Total",1,469,407,420,478,467,482,522,491,508,494,510,457,449,463,449,432,448,391,425,404,435,402,426,427
"Cumberland, Nova Scotia",1211,"Births","Total",1,315,262,272,262,269,298,258,275,277,257,251,221,243,222,228,231,227,246,227,196,223,229,224,224
"Pictou, Nova Scotia",1212,"Births","Total",1,408,434,441,427,415,425,442,443,425,398,414,399,379,363,327,370,350,339,323,301,298,308,288,288
"Guysborough, Nova Scotia",1213,"Births","Total",1,61,59,61,56,58,46,58,56,50,48,62,31,48,50,42,42,48,48,43,50,41,48,40,40
"Antigonish, Nova Scotia",1214,"Births","Total",1,184,194,194,204,177,199,189,196,201,230,193,177,184,181,171,154,168,154,141,156,156,177,157,157
"Inverness, Nova Scotia",1215,"Births","Total",1,201,181,164,174,181,165,162,157,147,144,128,137,136,118,128,146,119,138,143,94,141,138,122,122
"Richmond, Nova Scotia",1216,"Births","Total",1,81,69,81,89,63,75,72,56,63,65,53,68,57,66,52,70,72,69,77,49,59,73,55,55
"Cape Breton, Nova Scotia",1217,"Births","Total",1,946,922,942,930,953,907,1040,991,991,860,919,861,881,865,868,845,843,725,764,745,800,749,778,778
"Victoria, Nova Scotia",1218,"Births","Total",1,66,74,79,59,76,83,90,75,55,59,64,63,54,64,63,53,68,59,47,68,43,52,48,48
"New Brunswick",13,"Births","Total",1,6971,7104,7075,6877,6872,7127,7275,7444,7394,7140,7250,6927,7045,6693,6647,6593,6426,6369,6228,6281,6379,6145,6338,6618
"Saint John, New Brunswick",1301,"Births","Total",1,811,762,777,751,754,833,845,864,835,847,801,721,752,760,759,677,739,708,654,672,670,667,684,714
"Charlotte, New Brunswick",1302,"Births","Total",1,246,277,253,237,255,244,247,259,254,257,271,255,214,234,223,230,240,237,192,233,224,210,214,224
"Sunbury, New Brunswick",1303,"Births","Total",1,278,310,309,327,346,358,362,388,391,372,385,398,351,338,364,341,333,307,345,330,319,286,295,308
"Queens, New Brunswick",1304,"Births","Total",1,84,98,85,103,73,86,88,84,90,71,73,70,72,50,64,54,71,72,74,75,77,56,86,90
"Kings, New Brunswick",1305,"Births","Total",1,691,733,672,666,723,689,698,735,697,677,681,688,683,631,665,635,602,636,668,654,610,587,598,625
"Albert, New Brunswick",1306,"Births","Total",1,266,290,272,268,273,251,248,281,278,262,252,256,274,246,257,241,241,215,230,219,233,233,241,252
"Westmorland, New Brunswick",1307,"Births","Total",1,1200,1270,1298,1226,1350,1422,1460,1541,1497,1494,1605,1508,1502,1413,1417,1403,1332,1426,1403,1389,1445,1423,1563,1631
"Kent, New Brunswick",1308,"Births","Total",1,276,303,288,237,263,252,260,262,258,250,244,271,252,269,250,249,250,263,233,241,249,235,220,230
"Northumberland, New Brunswick",1309,"Births","Total",1,460,429,432,426,434,454,440,359,399,402,369,387,390,346,366,361,304,309,278,324,319,317,284,296
"York, New Brunswick",1310,"Births","Total",1,928,908,983,953,918,934,991,1016,1063,996,1029,981,1048,1017,990,1009,953,917,908,948,912,904,956,998
"Carleton, New Brunswick",1311,"Births","Total",1,270,286,310,279,288,285,304,279,294,268,302,255,267,244,243,259,247,253,239,227,260,258,224,234
"Victoria, New Brunswick",1312,"Births","Total",1,203,222,216,215,178,207,183,198,192,174,194,179,193,168,138,153,158,133,146,139,141,139,144,151
"Madawaska, New Brunswick",1313,"Births","Total",1,278,283,314,309,260,294,308,313,306,278,274,222,252,241,218,236,226,206,208,193,214,205,226,236
"Restigouche, New Brunswick",1314,"Births","Total",1,298,278,271,264,251,247,271,250,217,234,208,203,241,231,199,245,234,224,192,221,255,187,205,214
"Gloucester, New Brunswick",1315,"Births","Total",1,682,655,595,616,506,571,570,615,623,558,562,533,554,505,494,500,496,463,458,416,451,438,398,415
"Quebec",24,"Births","Total",1,72608,72282,74366,75426,78494,83130,86362,89658,88520,88662,88482,89227,88590,87376,86947,84701,83998,83864,84545,82096,83516,79108,77923,77171
"Communauté maritime des Îles-de-la-Madeleine, Quebec",2401,"Births","Total",1,94,108,78,109,79,87,84,89,82,109,79,78,91,75,82,76,90,94,112,96,111,108,80,96
"Le Rocher-Percé, Quebec",2402,"Births","Total",1,134,125,118,109,136,142,144,145,108,116,125,96,127,116,104,98,103,92,130,103,108,102,97,85
"La Côte-de-Gaspé, Quebec",2403,"Births","Total",1,131,107,117,114,129,141,156,150,168,163,145,152,140,140,128,139,132,158,137,145,144,121,121,115
"La Haute-Gaspésie, Quebec",2404,"Births","Total",1,79,90,94,89,92,90,89,109,80,81,83,84,83,82,69,85,65,69,53,83,59,60,71,74
"Bonaventure, Quebec",2405,"Births","Total",1,114,124,143,151,137,123,140,133,163,140,142,151,147,139,127,144,118,137,132,143,141,142,132,100
"Avignon, Quebec",2406,"Births","Total",1,125,117,129,124,143,148,164,163,139,167,147,155,150,142,142,131,158,113,135,108,122,136,115,113
"La Matapédia, Quebec",2407,"Births","Total",1,184,153,161,171,166,192,163,179,160,173,182,153,152,151,151,160,159,144,163,117,125,123,138,111
"La Matanie, Quebec",2408,"Births","Total",1,173,146,172,156,176,170,160,185,172,200,202,176,156,156,191,125,156,143,134,126,130,118,124,101
"La Mitis, Quebec",2409,"Births","Total",1,149,157,156,147,171,185,175,187,181,200,211,215,183,182,186,180,184,172,153,139,168,149,141,140
"Rimouski-Neigette, Quebec",2410,"Births","Total",1,406,406,446,427,478,514,518,497,512,566,537,544,547,512,545,537,497,495,484,453,505,394,401,464
"Les Basques, Quebec",2411,"Births","Total",1,75,69,71,80,60,75,59,75,59,66,73,54,70,53,64,61,77,51,58,61,76,67,53,45
"Rivière-du-Loup, Quebec",2412,"Births","Total",1,287,249,319,277,318,330,352,405,376,364,356,382,315,374,321,326,300,338,314,321,282,304,267,253
"Témiscouata, Quebec",2413,"Births","Total",1,187,202,184,198,189,210,189,175,184,161,172,138,145,138,148,137,128,127,135,132,150,135,143,117
"Kamouraska, Quebec",2414,"Births","Total",1,218,182,167,188,203,210,189,231,197,195,189,191,192,168,183,147,162,166,167,176,157,159,146,152
"Charlevoix-Est, Quebec",2415,"Births","Total",1,136,119,135,133,130,128,148,155,160,148,154,143,166,124,148,141,119,136,110,112,119,105,87,84
"Charlevoix, Quebec",2416,"Births","Total",1,103,109,82,97,102,101,107,124,118,99,111,94,110,112,101,93,91,100,101,90,122,112,103,97
"L'Islet, Quebec",2417,"Births","Total",1,146,154,173,134,179,201,173,180,139,157,137,169,130,147,136,123,128,143,129,137,122,111,126,91
"Montmagny, Quebec",2418,"Births","Total",1,196,204,202,191,218,189,179,202,207,166,194,203,183,182,168,182,166,177,212,166,214,159,144,173
"Bellechasse, Quebec",2419,"Births","Total",1,300,308,306,323,306,358,343,369,404,383,421,407,454,471,466,465,427,450,466,444,439,406,399,373
"L'Île-d'Orléans, Quebec",2420,"Births","Total",1,54,78,46,58,59,75,71,77,63,59,56,60,43,59,56,57,52,44,58,60,56,46,45,41
"La Côte-de-Beaupré, Quebec",2421,"Births","Total",1,193,186,200,213,247,276,269,311,302,322,347,318,292,320,333,286,303,301,285,290,294,311,283,333
"La Jacques-Cartier, Quebec",2422,"Births","Total",1,352,361,385,418,460,541,579,657,652,702,731,755,695,687,772,625,641,616,570,622,695,586,609,605
"Québec, Quebec",2423,"Births","Total",1,4429,4247,4258,4536,4659,4982,5182,5557,5517,5701,5486,5613,5722,5702,5481,5516,5254,5360,5312,5375,5548,5402,5287,5564
"Lévis, Quebec",2425,"Births","Total",1,1304,1280,1386,1386,1487,1609,1638,1736,1664,1616,1587,1564,1482,1470,1440,1365,1340,1350,1356,1288,1417,1303,1355,1417
"La Nouvelle-Beauce, Quebec",2426,"Births","Total",1,338,335,384,361,412,415,489,467,453,520,470,493,514,501,494,469,450,466,439,494,471,398,412,416
"Robert-Cliche, Quebec",2427,"Births","Total",1,203,219,199,227,218,231,237,236,251,221,221,228,202,223,190,179,191,189,185,188,200,154,187,144
"Les Etchemins, Quebec",2428,"Births","Total",1,151,161,151,141,153,169,153,144,140,161,140,144,133,149,133,121,129,138,149,127,160,120,132,129
"Beauce-Sartigan, Quebec",2429,"Births","Total",1,517,496,541,531,534,556,619,627,607,660,593,613,540,610,565,552,553,500,504,456,465,469,479,440
"Le Granit, Quebec",2430,"Births","Total",1,246,203,199,215,223,245,249,242,240,235,193,220,187,190,191,170,179,158,153,174,178,139,148,155
"Les Appalaches, Quebec",2431,"Births","Total",1,353,328,349,347,340,363,368,404,380,393,382,355,365,342,346,369,354,335,342,359,382,363,348,293
"L'Érable, Quebec",2432,"Births","Total",1,238,237,208,208,205,221,253,285,264,275,265,282,241,229,213,238,234,233,247,229,232,227,227,235
"Lotbinière, Quebec",2433,"Births","Total",1,243,252,243,294,285,313,327,342,372,383,382,398,417,412,409,430,412,447,464,464,504,426,449,406
"Portneuf, Quebec",2434,"Births","Total",1,360,334,359,363,419,435,459,499,506,561,521,608,594,603,586,555,535,574,587,577,650,537,532,547
"Mékinac, Quebec",2435,"Births","Total",1,79,80,82,88,97,96,99,96,85,82,97,75,87,88,78,76,77,80,67,75,72,73,82,72
"Shawinigan, Quebec",2436,"Births","Total",1,345,346,316,361,367,356,388,378,399,405,380,404,436,385,394,385,366,372,355,398,381,397,373,403
"Francheville, Quebec",2437,"Births","Total",1,1088,1130,1168,1196,1200,1286,1343,1460,1410,1398,1421,1397,1353,1377,1443,1413,1306,1367,1431,1460,1400,1301,1303,1332
"Bécancour, Quebec",2438,"Births","Total",1,163,148,174,135,172,179,198,192,221,193,235,202,245,196,191,205,172,184,183,191,207,211,238,202
"Arthabaska, Quebec",2439,"Births","Total",1,654,647,635,650,669,778,720,797,753,792,776,715,779,700,710,687,706,716,715,742,722,638,584,592
"Les Sources, Quebec",2440,"Births","Total",1,118,123,122,140,132,135,169,151,148,147,142,159,132,115,122,144,123,127,130,116,121,117,108,118
"Le Haut-Saint-François, Quebec",2441,"Births","Total",1,183,205,207,224,245,232,252,242,233,261,254,252,241,229,226,253,242,209,239,231,235,223,226,235
"Le Val-Saint-François, Quebec",2442,"Births","Total",1,252,308,297,293,287,324,319,347,347,325,340,334,369,348,321,313,317,296,323,315,346,346,322,318
"Sherbrooke, Quebec",2443,"Births","Total",1,1440,1382,1477,1482,1587,1556,1614,1716,1763,1748,1712,1732,1713,1754,1639,1660,1606,1643,1601,1597,1684,1511,1610,1569
"Coaticook, Quebec",2444,"Births","Total",1,214,162,197,197,179,215,217,208,200,198,197,182,189,186,212,185,227,203,201,239,197,173,190,159
"Memphrémagog, Quebec",2445,"Births","Total",1,403,456,420,428,427,426,413,442,454,415,370,425,423,382,423,366,387,396,372,381,432,370,324,276
"Brome-Missisquoi, Quebec",2446,"Births","Total",1,456,461,442,490,486,542,525,533,533,498,544,499,543,516,561,535,528,550,548,585,578,604,569,577
"La Haute-Yamaska, Quebec",2447,"Births","Total",1,828,808,803,809,908,911,936,971,965,900,970,997,911,899,887,898,854,882,907,834,873,843,780,738
"Acton, Quebec",2448,"Births","Total",1,158,148,138,149,137,159,188,177,163,179,168,147,164,149,151,175,141,163,153,158,156,160,132,165
"Drummond, Quebec",2449,"Births","Total",1,920,934,947,1003,1024,1073,1126,1185,1056,1092,1091,1146,1116,1042,1077,1088,1029,1112,1044,1050,1122,1038,1023,1029
"Nicolet-Yamaska, Quebec",2450,"Births","Total",1,206,164,182,193,223,198,208,236,209,225,231,238,250,221,229,230,239,197,268,233,248,226,188,195
"Maskinongé, Quebec",2451,"Births","Total",1,254,257,263,265,299,305,318,324,344,339,336,358,369,343,332,326,337,278,306,304,301,260,277,237
"D'Autray, Quebec",2452,"Births","Total",1,338,338,340,330,348,388,430,438,443,430,430,440,397,414,414,410,433,411,430,442,472,418,427,393
"Pierre-De Saurel, Quebec",2453,"Births","Total",1,344,344,376,371,379,411,419,409,396,397,428,398,410,386,419,376,380,395,385,423,448,412,423,420
"Les Maskoutains, Quebec",2454,"Births","Total",1,759,797,778,802,813,867,927,935,984,939,975,917,959,945,881,880,864,840,913,885,904,796,848,787
"Rouville, Quebec",2455,"Births","Total",1,315,284,317,274,330,377,392,436,462,426,488,470,455,436,450,423,433,416,409,418,417,373,382,357
"Le Haut-Richelieu, Quebec",2456,"Births","Total",1,950,987,1055,1060,1126,1268,1377,1384,1361,1285,1270,1279,1245,1216,1197,1182,1180,1173,1242,1272,1259,1175,1124,1056
"La Vallée-du-Richelieu, Quebec",2457,"Births","Total",1,962,974,1060,1126,1366,1318,1481,1463,1465,1465,1386,1420,1438,1345,1401,1280,1242,1366,1321,1331,1353,1271,1197,1089
"Longueuil, Quebec",2458,"Births","Total",1,3672,3615,3593,3726,3613,3788,3970,3980,3986,4098,4105,4229,4279,4185,4229,4117,4146,4173,4220,4125,4253,4079,4028,4194
"Marguerite-D'Youville, Quebec",2459,"Births","Total",1,701,739,718,753,837,934,847,936,895,924,872,910,830,846,786,791,822,792,813,868,775,791,733,679
"L'Assomption, Quebec",2460,"Births","Total",1,835,807,864,841,953,1107,1217,1232,1245,1250,1307,1296,1268,1183,1248,1158,1135,1178,1172,1178,1197,1091,1082,1001
"Joliette, Quebec",2461,"Births","Total",1,437,449,475,484,517,535,597,659,662,644,679,690,648,705,609,638,671,668,658,676,673,638,573,616
"Matawinie, Quebec",2462,"Births","Total",1,344,373,387,356,361,409,392,436,449,450,397,429,396,452,401,391,424,455,424,464,429,413,428,396
"Montcalm, Quebec",2463,"Births","Total",1,395,389,361,439,408,516,551,646,634,572,600,650,647,751,704,731,777,782,776,808,874,810,792,735
"Les Moulins, Quebec",2464,"Births","Total",1,1159,1210,1325,1475,1510,1786,1889,2061,1977,1944,1956,1976,1841,1758,1770,1642,1609,1676,1642,1706,1728,1607,1559,1492
"Laval, Quebec",2465,"Births","Total",1,3547,3432,3624,3686,3893,4108,4312,4494,4395,4488,4353,4450,4421,4205,4289,4197,4142,3963,4171,3962,4044,3860,3936,3914
"Montréal, Quebec",2466,"Births","Total",1,20001,20210,20708,20414,21224,22162,22653,23019,23203,23199,23274,23644,23572,23563,23291,22773,22961,22432,22179,19740,19510,19450,19360,19425
"Roussillon, Quebec",2467,"Births","Total",1,1611,1595,1685,1658,1770,1873,2036,1997,1881,1975,1970,1865,1950,1869,1854,1841,1861,1940,1939,1881,1998,1803,1756,1682
"Les Jardins-de-Napierville, Quebec",2468,"Births","Total",1,243,216,235,249,217,274,321,303,316,324,337,314,320,330,306,343,325,350,332,376,385,378,344,346
"Le Haut-Saint-Laurent, Quebec",2469,"Births","Total",1,215,209,223,212,211,213,229,237,244,224,239,250,272,259,249,267,220,249,243,279,253,275,251,225
"Beauharnois-Salaberry, Quebec",2470,"Births","Total",1,464,487,490,494,489,561,562,616,577,600,618,624,639,649,672,682,654,710,700,756,788,750,815,771
"Vaudreuil-Soulanges, Quebec",2471,"Births","Total",1,1183,1212,1369,1379,1522,1602,1686,1772,1714,1747,1741,1679,1654,1604,1576,1478,1490,1537,1548,1622,1645,1576,1461,1392
"Deux-Montagnes, Quebec",2472,"Births","Total",1,883,859,900,884,950,1025,1179,1207,1229,1154,1094,1140,1097,1053,1068,985,1012,1015,1023,999,1044,960,944,979
"Thérèse-De Blainville, Quebec",2473,"Births","Total",1,1594,1591,1584,1644,1607,1605,1695,1633,1578,1558,1542,1484,1534,1464,1467,1465,1368,1389,1637,1621,1666,1578,1549,1524
"Mirabel, Quebec",2474,"Births","Total",1,418,424,435,466,560,548,579,617,610,540,609,606,685,658,701,672,729,666,752,779,809,754,675,658
"La Rivière-du-Nord, Quebec",2475,"Births","Total",1,910,879,939,995,1027,1155,1210,1260,1209,1286,1364,1427,1398,1378,1469,1412,1468,1415,1576,1530,1553,1415,1381,1279
"Argenteuil, Quebec",2476,"Births","Total",1,260,270,258,269,269,283,275,300,299,307,260,278,270,286,262,283,269,267,321,274,344,325,313,297
"Les Pays-d'en-Haut, Quebec",2477,"Births","Total",1,255,242,253,250,244,286,284,325,315,292,285,299,321,289,289,289,270,267,313,309,334,315,322,320
"Les Laurentides, Quebec",2478,"Births","Total",1,354,347,334,355,369,374,388,426,430,413,424,424,408,361,336,355,362,344,341,365,333,343,327,309
"Antoine-Labelle, Quebec",2479,"Births","Total",1,306,297,276,287,269,276,290,309,290,258,289,265,273,244,240,260,259,282,229,240,234,255,226,209
"Papineau, Quebec",2480,"Births","Total",1,153,156,160,140,174,202,193,200,213,192,199,187,193,183,205,200,152,184,192,169,191,184,186,157
"Gatineau, Quebec",2481,"Births","Total",1,2385,2452,2502,2658,2720,3018,3083,3362,3302,3233,3364,3226,3279,3250,3254,3078,2958,2958,2928,2972,2970,2762,2774,2867
"Les Collines-de-l'Outaouais, Quebec",2482,"Births","Total",1,426,443,467,464,498,451,539,525,558,512,530,519,521,520,496,492,541,476,526,571,604,568,578,523
"La Vallée-de-la-Gatineau, Quebec",2483,"Births","Total",1,185,204,172,213,181,153,166,187,192,169,185,215,205,197,181,180,186,182,169,174,155,160,161,143
"Pontiac, Quebec",2484,"Births","Total",1,140,130,142,136,131,142,147,134,136,128,144,138,137,148,147,129,118,125,138,133,145,112,111,105
"Témiscamingue, Quebec",2485,"Births","Total",1,200,179,194,180,190,202,201,176,194,193,195,158,184,151,162,142,136,117,154,145,131,119,119,129
"Rouyn-Noranda, Quebec",2486,"Births","Total",1,376,333,340,371,408,364,418,488,508,466,510,473,491,449,476,458,459,454,498,426,455,377,370,374
"Abitibi-Ouest, Quebec",2487,"Births","Total",1,240,208,218,204,193,205,242,232,206,232,227,215,210,243,234,202,191,225,175,199,185,159,155,169
"Abitibi, Quebec",2488,"Births","Total",1,252,230,238,241,252,263,282,296,296,293,284,309,284,289,250,285,248,267,291,249,242,229,243,213
"La Vallée-de-l'Or, Quebec",2489,"Births","Total",1,398,430,426,479,480,511,532,551,498,540,484,494,510,502,531,504,487,536,559,536,541,482,423,453
"La Tuque, Quebec",2490,"Births","Total",1,177,158,199,184,194,200,202,223,190,174,188,173,168,169,179,177,173,161,185,166,181,179,173,185
"Le Domaine-du-Roy, Quebec",2491,"Births","Total",1,278,319,282,279,302,297,324,361,326,334,308,315,299,312,295,264,261,269,254,242,299,200,246,238
"Maria-Chapdelaine, Quebec",2492,"Births","Total",1,281,244,232,250,240,256,285,302,265,266,252,254,237,217,237,214,218,200,203,197,214,184,174,157
"Lac-Saint-Jean-Est, Quebec",2493,"Births","Total",1,455,503,491,494,524,539,555,567,541,526,508,558,560,518,532,513,461,489,478,510,486,439,385,410
"Le Saguenay-et-son-Fjord, Quebec",2494,"Births","Total",1,1464,1353,1453,1411,1463,1526,1580,1698,1539,1656,1650,1709,1545,1697,1686,1535,1583,1517,1570,1526,1612,1439,1409,1310
"La Haute-Côte-Nord, Quebec",2495,"Births","Total",1,108,107,119,114,106,120,85,122,95,96,80,80,100,91,89,74,72,67,65,62,60,65,58,68
"Manicouagan, Quebec",2496,"Births","Total",1,295,297,320,293,280,292,351,347,297,301,330,302,304,306,269,267,245,278,238,243,290,231,212,228
"Sept-Rivières-Caniapiscau, Quebec",2497,"Births","Total",1,436,415,430,439,466,511,492,530,540,538,525,477,511,445,495,428,487,422,438,437,403,406,316,329
"Minganie-Le Golfe-du-Saint-Laurent, Quebec",2498,"Births","Total",1,140,128,162,123,144,143,149,157,143,134,112,151,135,152,136,123,130,117,120,118,122,117,107,94
"Nord-du-Québec, Quebec",2499,"Births","Total",1,785,812,826,855,814,890,890,878,929,830,817,923,802,812,850,894,842,878,836,928,887,802,757,748
"Ontario",35,"Births","Total",1,129823,130283,134322,135143,136701,139765,142990,143187,142368,141073,142319,141509,140712,140465,140582,141111,141388,140659,140625,136824,138939,135463,141761,144954
"Stormont, Dundas and Glengarry, Ontario",3501,"Births","Total",1,979,1037,1068,1020,1107,1054,1177,1026,1157,1075,1082,1067,1119,1138,1166,1146,1130,1074,1052,1128,1085,1042,1106,1131
"Prescott and Russell, Ontario",3502,"Births","Total",1,694,744,873,926,753,804,841,813,884,867,892,931,906,929,924,915,933,847,926,995,1034,909,1024,1047
"Ottawa, Ontario",3506,"Births","Total",1,8896,8972,9505,9196,8852,9141,9652,9803,9883,9928,10032,9978,10043,9733,9747,9613,9778,9658,9753,9415,9591,9574,10381,10613
"Leeds and Grenville, Ontario",3507,"Births","Total",1,903,873,882,863,879,863,832,818,828,821,809,827,782,786,772,828,791,835,784,823,786,744,783,801
"Lanark, Ontario",3509,"Births","Total",1,579,597,632,594,570,616,586,569,603,589,619,601,644,599,634,632,679,632,709,737,748,703,727,744
"Frontenac, Ontario",3510,"Births","Total",1,1334,1256,1254,1314,1359,1437,1404,1477,1480,1473,1463,1369,1450,1421,1389,1379,1350,1341,1323,1307,1400,1262,1242,1269
"Lennox and Addington, Ontario",3511,"Births","Total",1,371,375,386,396,355,397,354,427,347,372,398,341,371,388,406,396,351,369,367,442,363,434,386,394
"Hastings, Ontario",3512,"Births","Total",1,1187,1260,1323,1371,1310,1320,1391,1369,1278,1313,1337,1284,1316,1268,1384,1323,1368,1314,1300,1361,1298,1303,1254,1283
"Prince Edward, Ontario",3513,"Births","Total",1,197,187,162,183,190,169,201,187,165,186,183,176,176,165,204,169,175,176,182,200,200,156,200,204
"Northumberland, Ontario",3514,"Births","Total",1,693,630,657,687,627,635,678,670,667,607,621,643,616,659,651,644,704,642,659,656,723,640,643,656
"Peterborough, Ontario",3515,"Births","Total",1,1037,1036,1150,1143,1132,1169,1209,1196,1227,1213,1237,1340,1297,1327,1239,1222,1271,1254,1248,1276,1284,1167,1178,1205
"Kawartha Lakes, Ontario",3516,"Births","Total",1,550,517,549,528,611,621,667,584,587,612,597,587,616,603,660,680,662,671,639,623,696,633,620,634
"Durham, Ontario",3518,"Births","Total",1,5790,5757,5907,6036,6093,6415,6559,6458,6748,6542,6706,6629,6665,6767,6821,6964,7098,7256,7296,7400,7887,7898,8169,8354
"York, Ontario",3519,"Births","Total",1,9010,9463,9585,9960,10615,10877,10993,11251,11349,11238,11434,11537,10858,11174,10938,10792,10463,10504,10459,9821,9789,9529,9510,9724
"Toronto, Ontario",3520,"Births","Total",1,30354,30148,30140,30397,30016,30652,31313,31246,31190,31046,30992,31265,30803,30314,30139,30278,30122,29560,29249,26731,25980,25520,26983,27589
"Peel, Ontario",3521,"Births","Total",1,13601,14022,15093,15782,16052,16598,16808,16614,16016,15973,16027,15853,15286,15295,15650,16148,16129,16315,16502,15669,15823,16075,17446,17837
"Dufferin, Ontario",3522,"Births","Total",1,601,603,604,593,551,626,569,602,572,559,580,545,649,666,634,697,690,723,792,730,808,740,760,778
"Wellington, Ontario",3523,"Births","Total",1,2215,2290,2264,2326,2400,2412,2487,2447,2419,2430,2552,2397,2510,2378,2480,2545,2549,2534,2479,2594,2644,2514,2527,2583
"Halton, Ontario",3524,"Births","Total",1,4415,4494,5175,5152,5613,5682,5895,5952,5857,5846,5750,5716,5731,5578,5650,5581,5390,5554,5632,5424,5740,5380,5449,5571
"Hamilton, Ontario",3525,"Births","Total",1,5216,5153,5242,5235,5179,5232,5592,5484,5624,5435,5562,5489,5600,5707,5751,5725,5833,5768,5813,5741,5975,5772,5981,6116
"Niagara, Ontario",3526,"Births","Total",1,4024,3981,4050,4036,4140,4139,4021,4194,3989,3940,4045,3924,3907,4021,4075,4164,4024,4059,4074,4226,4377,4232,4537,4639
"Haldimand-Norfolk, Ontario",3528,"Births","Total",1,1032,1124,987,968,1113,1028,1105,1074,1115,1100,1126,1103,1079,1159,1197,1094,1139,1056,1158,1155,1318,1250,1375,1405
"Brant, Ontario",3529,"Births","Total",1,1378,1355,1411,1466,1374,1509,1468,1559,1516,1538,1585,1464,1512,1545,1549,1549,1570,1620,1531,1579,1589,1564,1661,1699
"Waterloo, Ontario",3530,"Births","Total",1,5537,5413,5704,5635,6051,6005,6158,6132,6090,6134,5988,5960,6102,5950,5942,6091,6166,6224,6144,6143,6466,6131,6958,7115
"Perth, Ontario",3531,"Births","Total",1,894,887,897,913,831,857,896,922,859,853,867,895,821,856,865,846,942,979,951,995,973,963,961,982
"Oxford, Ontario",3532,"Births","Total",1,1201,1114,1179,1121,1145,1180,1150,1238,1173,1215,1264,1231,1206,1253,1251,1272,1271,1399,1398,1418,1484,1479,1513,1548
"Elgin, Ontario",3534,"Births","Total",1,924,920,974,976,992,1131,1111,1090,1059,1106,1048,1073,1018,998,1024,1017,981,1071,999,1031,1071,1083,1076,1101
"Chatham-Kent, Ontario",3536,"Births","Total",1,1117,1082,1179,1214,1100,1117,1156,1167,1033,1101,1099,1044,1039,1001,1047,947,1031,939,1026,1028,995,957,1008,1031
"Essex, Ontario",3537,"Births","Total",1,4393,4407,4533,4501,4444,4472,4304,4232,4103,3933,4024,3998,3959,3924,3894,3956,3974,3908,3971,3812,3908,3810,3986,4076
"Lambton, Ontario",3538,"Births","Total",1,1150,1126,1171,1187,1168,1288,1210,1285,1313,1224,1270,1152,1179,1196,1207,1215,1221,1238,1238,1194,1269,1160,1111,1136
"Middlesex, Ontario",3539,"Births","Total",1,4338,4323,4395,4372,4482,4639,4888,4931,4841,4790,4603,4731,4853,4866,4797,4699,4882,4889,4876,4839,5043,4960,5295,5415
"Huron, Ontario",3540,"Births","Total",1,521,562,621,571,657,638,640,665,646,595,596,648,672,653,649,649,676,691,661,681,715,659,650,665
"Bruce, Ontario",3541,"Births","Total",1,576,571,631,616,587,599,629,611,656,688,736,704,729,749,755,735,771,792,744,845,820,791,803,822
"Grey, Ontario",3542,"Births","Total",1,774,752,740,790,842,831,871,864,801,892,848,847,877,934,829,911,902,962,935,988,1018,1032,1016,1039
"Simcoe, Ontario",3543,"Births","Total",1,4077,4225,4397,4313,4577,4386,4609,4547,4517,4411,4510,4469,4589,4645,4792,4935,5057,4972,5094,5166,5483,5203,5199,5317
"Muskoka, Ontario",3544,"Births","Total",1,472,460,459,447,489,454,537,480,488,469,439,449,437,423,445,494,461,451,518,455,521,498,446,457
"Haliburton, Ontario",3546,"Births","Total",1,86,108,100,107,98,92,105,126,101,106,103,94,99,90,82,100,97,100,110,111,133,100,111,113
"Renfrew, Ontario",3547,"Births","Total",1,1006,989,964,990,883,1005,1087,1013,1053,1019,1197,1092,1184,1148,1089,1077,1092,1042,1051,1062,1101,1031,973,995
"Nipissing, Ontario",3548,"Births","Total",1,799,715,726,666,734,720,828,779,827,796,816,750,805,784,732,778,738,716,680,667,611,664,665,679
"Parry Sound, Ontario",3549,"Births","Total",1,337,327,349,344,314,300,341,326,341,288,335,324,318,350,332,356,366,346,340,336,329,333,323,331
"Manitoulin, Ontario",3551,"Births","Total",1,115,126,127,127,120,116,120,149,133,133,129,149,122,131,112,99,114,111,121,115,116,121,108,111
"Sudbury, Ontario",3552,"Births","Total",1,194,176,162,140,164,190,152,171,187,174,184,190,174,213,179,168,188,174,155,163,157,154,161,165
"Greater Sudbury / Grand Sudbury, Ontario",3553,"Births","Total",1,1372,1339,1383,1367,1402,1499,1545,1680,1671,1465,1643,1611,1599,1678,1670,1506,1506,1433,1389,1419,1313,1328,1337,1367
"Timiskaming, Ontario",3554,"Births","Total",1,296,276,264,264,273,310,263,289,299,316,307,302,330,341,315,377,328,316,325,309,308,268,296,303
"Cochrane, Ontario",3556,"Births","Total",1,867,826,861,777,859,864,858,910,891,857,927,891,878,853,814,799,758,707,691,707,771,667,757,774
"Algoma, Ontario",3557,"Births","Total",1,981,1034,973,947,975,970,1044,986,1018,1072,1068,1083,1070,1079,1072,1011,1031,896,876,869,902,891,903,924
"Thunder Bay, Ontario",3558,"Births","Total",1,1443,1419,1401,1359,1366,1356,1367,1449,1423,1401,1414,1413,1411,1448,1359,1399,1376,1394,1279,1320,1243,1210,1195,1222
"Rainy River, Ontario",3559,"Births","Total",1,246,220,237,231,262,212,243,207,229,233,201,222,220,213,233,199,224,200,192,210,205,194,192,197
"Kenora, Ontario",3560,"Births","Total",1,1051,1012,996,996,995,1138,1076,1118,1115,1099,1074,1121,1085,1069,1036,991,1036,947,934,908,846,735,776,793
"Manitoba",46,"Births","Total",1,13749,13767,13984,14037,14270,14846,15403,15742,15968,15622,15992,16493,16337,16704,16747,16959,17318,16806,16716,16532,15789,15482,15597,15820
"Division No. 1, Manitoba",4601,"Births","Total",1,198,208,178,208,145,140,161,135,132,146,138,142,169,163,157,147,154,181,163,164,154,140,161,163
"Division No. 2, Manitoba",4602,"Births","Total",1,773,707,784,808,829,938,982,1023,1050,1060,1113,1206,1179,1288,1219,1281,1306,1245,1445,1335,1308,1317,1370,1389
"Division No. 3, Manitoba",4603,"Births","Total",1,587,669,608,683,707,734,795,837,824,873,868,902,910,904,916,900,976,896,936,923,941,905,918,932
"Division No. 4, Manitoba",4604,"Births","Total",1,148,111,124,122,103,127,118,126,129,96,123,134,114,144,127,137,146,126,112,146,141,152,122,123
"Division No. 5, Manitoba",4605,"Births","Total",1,115,131,128,122,144,120,142,136,135,158,153,142,174,152,153,144,145,162,155,149,157,125,148,150
"Division No. 6, Manitoba",4606,"Births","Total",1,116,96,129,103,110,122,146,137,118,174,157,149,142,145,153,144,159,132,126,139,128,117,124,126
"Division No. 7, Manitoba",4607,"Births","Total",1,654,677,728,705,780,806,813,857,894,885,964,978,924,936,999,980,934,921,902,854,813,840,847,859
"Division No. 8, Manitoba",4608,"Births","Total",1,206,198,228,202,207,207,229,223,215,228,233,250,228,249,227,246,235,240,201,206,221,206,209,213
"Division No. 9, Manitoba",4609,"Births","Total",1,301,303,320,293,307,302,326,348,350,340,390,396,343,361,366,362,343,323,339,349,324,336,294,298
"Division No. 10, Manitoba",4610,"Births","Total",1,105,124,139,128,120,129,124,155,151,138,154,132,156,143,159,144,167,145,151,179,185,150,158,160
"Division No. 11, Manitoba",4611,"Births","Total",1,7089,7083,7129,7099,7147,7333,7418,7657,7823,7614,7762,8072,7942,8200,8202,8313,8698,8326,8232,8098,7591,7421,7623,7731
"Division No. 12, Manitoba",4612,"Births","Total",1,144,165,166,165,177,201,210,202,218,241,233,239,254,278,256,264,252,264,148,274,265,216,260,264
"Division No. 13, Manitoba",4613,"Births","Total",1,329,339,343,355,340,349,346,350,361,381,337,379,365,412,367,410,409,402,435,428,450,479,484,491
"Division No. 14, Manitoba",4614,"Births","Total",1,188,136,165,169,195,149,161,192,190,192,203,187,184,197,184,188,180,193,188,170,220,170,217,220
"Division No. 15, Manitoba",4615,"Births","Total",1,212,184,224,204,201,203,203,210,248,217,240,238,250,248,258,260,239,270,286,274,262,270,239,243
"Division No. 16, Manitoba",4616,"Births","Total",1,120,106,96,110,129,128,123,127,145,147,143,129,150,125,137,126,129,139,124,140,107,132,123,125
"Division No. 17, Manitoba",4617,"Births","Total",1,234,256,236,236,278,260,298,283,282,255,245,282,260,267,298,256,271,251,263,296,300,261,242,246
"Division No. 18, Manitoba",4618,"Births","Total",1,286,310,264,257,282,277,331,280,290,281,285,301,301,296,275,316,336,331,310,304,305,303,297,301
"Division No. 19, Manitoba",4619,"Births","Total",1,334,347,335,338,355,431,469,443,418,424,420,397,403,381,407,422,443,397,402,370,343,357,339,344
"Division No. 20, Manitoba",4620,"Births","Total",1,122,114,118,124,112,120,131,137,127,113,99,119,115,100,106,124,123,111,121,146,106,113,88,90
"Division No. 21, Manitoba",4621,"Births","Total",1,358,358,368,360,357,411,415,407,414,353,396,371,421,338,411,402,354,375,291,344,353,250,204,207
"Division No. 22, Manitoba",4622,"Births","Total",1,911,938,953,1018,1036,1137,1197,1224,1202,1047,1112,1096,1116,1131,1120,1132,1085,1107,1152,1028,919,1027,937,950
"Division No. 23, Manitoba",4623,"Births","Total",1,219,207,221,228,209,222,265,253,252,259,224,252,237,246,250,261,234,269,234,216,196,195,193,195
"Saskatchewan",47,"Births","Total",1,11999,11803,12128,11922,12179,12532,13628,13927,14259,14440,14465,14890,15159,15421,15520,15477,15367,14725,14446,14048,13664,13042,13097,13147
"Division No. 1, Saskatchewan",4701,"Births","Total",1,345,346,375,328,372,411,388,419,392,431,425,421,468,479,390,397,391,379,335,358,358,299,283,285
"Division No. 2, Saskatchewan",4702,"Births","Total",1,215,234,192,199,221,203,252,232,291,271,279,307,317,292,338,285,317,268,247,241,261,235,224,224
"Division No. 3, Saskatchewan",4703,"Births","Total",1,124,117,105,130,116,97,122,111,133,123,121,111,128,134,142,139,135,120,137,123,119,140,134,135
"Division No. 4, Saskatchewan",4704,"Births","Total",1,102,111,103,118,91,114,113,112,125,115,132,127,104,115,132,122,132,121,111,120,123,101,104,104
"Division No. 5, Saskatchewan",4705,"Births","Total",1,304,284,301,305,298,305,305,381,367,357,368,363,389,344,376,368,378,345,347,324,335,283,345,347
"Division No. 6, Saskatchewan",4706,"Births","Total",1,2491,2483,2562,2486,2630,2666,2972,3047,3090,3224,3276,3345,3438,3489,3636,3587,3622,3486,3405,3285,3103,3061,2952,2963
"Division No. 7, Saskatchewan",4707,"Births","Total",1,498,477,491,450,466,424,515,543,511,560,551,539,539,560,534,550,517,447,496,492,482,443,443,445
"Division No. 8, Saskatchewan",4708,"Births","Total",1,287,282,334,299,302,281,323,300,321,354,310,322,367,376,358,371,360,328,333,331,354,301,342,342
"Division No. 9, Saskatchewan",4709,"Births","Total",1,366,369,369,354,387,388,421,410,431,399,390,428,422,417,450,400,425,403,377,400,389,357,368,369
"Division No. 10, Saskatchewan",4710,"Births","Total",1,197,191,187,191,206,207,215,226,235,231,211,235,214,200,187,213,210,215,207,189,201,175,164,165
"Division No. 11, Saskatchewan",4711,"Births","Total",1,2897,2919,2963,2926,2950,3140,3368,3430,3544,3721,3866,3994,4136,4323,4436,4277,4334,4225,4143,4019,3831,3740,3798,3814
"Division No. 12, Saskatchewan",4712,"Births","Total",1,248,266,249,225,250,234,271,292,322,302,304,316,310,298,311,308,293,263,258,279,260,266,221,223
"Division No. 13, Saskatchewan",4713,"Births","Total",1,320,256,273,273,264,281,311,311,318,275,318,274,333,311,307,311,279,279,269,302,231,236,267,267
"Division No. 14, Saskatchewan",4714,"Births","Total",1,433,417,422,432,375,398,436,421,453,450,430,468,472,471,401,467,430,437,412,405,428,406,384,385
"Division No. 15, Saskatchewan",4715,"Births","Total",1,1012,1003,1032,1025,1095,1157,1201,1216,1291,1237,1171,1289,1211,1262,1159,1286,1224,1237,1176,1095,1117,1043,1051,1055
"Division No. 16, Saskatchewan",4716,"Births","Total",1,590,573,547,523,526,511,589,578,583,571,564,637,583,614,588,615,600,517,539,506,544,450,471,473
"Division No. 17, Saskatchewan",4717,"Births","Total",1,735,694,753,800,770,814,887,931,878,906,876,884,902,926,947,899,873,832,776,743,768,714,782,785
"Division No. 18, Saskatchewan",4718,"Births","Total",1,835,781,870,858,860,901,939,967,974,913,873,830,826,810,828,882,847,823,878,836,760,792,764,766
"Alberta",48,"Births","Total",1,37613,39465,40655,41358,43206,47577,49964,51318,51537,50861,51341,53088,54792,56333,56935,54794,52987,52324,50785,49155,48110,47951,50028,52446
"Division No. 1, Alberta",4801,"Births","Total",1,774,814,868,908,919,1006,1090,1074,1069,999,1031,1019,1069,1103,1019,972,922,912,816,800,815,730,743,779
"Division No. 2, Alberta",4802,"Births","Total",1,1832,1878,2046,1999,2075,2277,2400,2475,2501,2380,2494,2418,2436,2604,2592,2466,2398,2348,2439,2346,2258,2251,2339,2452
"Division No. 3, Alberta",4803,"Births","Total",1,506,504,498,497,549,507,596,595,571,607,502,592,545,540,560,529,529,517,508,518,522,538,523,548
"Division No. 4, Alberta",4804,"Births","Total",1,129,130,115,112,118,129,141,133,140,129,122,109,105,124,127,117,105,110,88,97,98,88,115,121
"Division No. 5, Alberta",4805,"Births","Total",1,582,630,648,604,682,676,753,765,726,668,682,676,725,727,731,675,602,627,555,607,577,626,634,665
"Division No. 6, Alberta",4806,"Births","Total",1,12617,13601,14116,14462,15232,16580,17402,18039,18122,17889,17958,18548,19089,19607,19811,19125,18778,18266,17944,17571,17362,17657,18844,19753
"Division No. 7, Alberta",4807,"Births","Total",1,495,498,503,488,464,497,522,545,509,492,457,537,548,479,516,488,479,471,444,405,408,428,385,404
"Division No. 8, Alberta",4808,"Births","Total",1,2048,2225,2169,2264,2391,2661,2721,2786,2722,2726,2728,2845,2836,2967,2866,2782,2671,2557,2399,2327,2256,2149,2253,2362
"Division No. 9, Alberta",4809,"Births","Total",1,240,299,249,267,316,347,350,337,326,317,291,301,297,314,275,268,254,256,254,234,203,241,210,221
"Division No. 10, Alberta",4810,"Births","Total",1,829,923,990,952,1065,1134,1169,1250,1230,1174,1195,1178,1244,1302,1226,1173,1106,1135,1078,1050,1075,997,954,1000
"Division No. 11, Alberta",4811,"Births","Total",1,11691,12053,12363,12697,12982,14653,15426,15772,16097,16017,16156,16935,17756,18428,18965,18789,17863,17929,17429,16880,16431,16374,17014,17837
"Division No. 12, Alberta",4812,"Births","Total",1,889,901,918,949,1000,1130,1133,1147,1190,1169,1156,1138,1184,1204,1189,1078,1033,973,928,915,902,806,793,832
"Division No. 13, Alberta",4813,"Births","Total",1,774,778,752,749,755,801,821,904,887,828,765,846,845,789,866,792,755,735,702,680,734,674,682,714
"Division No. 14, Alberta",4814,"Births","Total",1,361,319,373,332,375,404,428,384,393,386,410,389,424,374,388,378,338,349,313,298,245,257,267,279
"Division No. 15, Alberta",4815,"Births","Total",1,391,414,377,421,400,401,452,438,424,432,477,422,445,487,457,387,378,358,363,288,290,285,354,371
"Division No. 16, Alberta",4816,"Births","Total",1,733,759,833,831,816,933,1049,1144,1202,1246,1410,1536,1540,1545,1495,1322,1335,1321,1289,1101,1083,980,1041,1091
"Division No. 17, Alberta",4817,"Births","Total",1,1203,1237,1243,1218,1309,1408,1454,1475,1411,1323,1343,1389,1477,1378,1471,1334,1343,1414,1297,1285,1212,1174,1233,1293
"Division No. 18, Alberta",4818,"Births","Total",1,205,211,196,219,202,230,222,212,194,233,196,217,213,215,245,207,226,229,187,164,175,165,169,177
"Division No. 19, Alberta",4819,"Births","Total",1,1314,1291,1398,1389,1556,1803,1835,1843,1823,1846,1968,1993,2014,2146,2136,1912,1872,1817,1752,1589,1464,1531,1475,1547
"British Columbia",59,"Births","Total",1,39933,40542,40225,40653,41203,42407,44149,44697,44637,43896,43797,44200,43864,44481,44702,44989,44308,43436,43103,42902,43013,41210,42718,44371
"East Kootenay, British Columbia",5901,"Births","Total",1,504,475,505,468,544,561,621,615,653,595,586,564,596,646,577,574,552,550,512,521,554,491,536,557
"Central Kootenay, British Columbia",5903,"Births","Total",1,530,512,474,487,503,478,551,503,505,513,452,460,474,478,483,458,415,451,424,426,434,403,462,479
"Kootenay Boundary, British Columbia",5905,"Births","Total",1,227,207,219,223,266,243,261,248,229,278,260,222,251,242,229,210,184,215,208,210,242,202,208,216
"Okanagan-Similkameen, British Columbia",5907,"Births","Total",1,540,531,519,543,552,590,609,602,590,584,570,521,512,583,576,594,630,590,535,552,589,502,485,503
"Fraser Valley, British Columbia",5909,"Births","Total",1,2946,3069,3116,3132,3114,3284,3423,3445,3411,3399,3363,3357,3231,3317,3396,3474,3421,3403,3363,3485,3343,3315,3561,3698
"Greater Vancouver, British Columbia",5915,"Births","Total",1,21369,21737,21508,21769,21900,22546,23044,23693,23583,23215,23356,23981,23687,24135,24080,24544,23993,23783,23873,23183,23208,22631,23541,24453
"Capital, British Columbia",5917,"Births","Total",1,2700,2832,2805,2857,2892,2879,3030,3039,3121,3118,3147,3132,3123,3147,3219,3123,3103,3023,2940,2970,3082,2727,2794,2903
"Cowichan Valley, British Columbia",5919,"Births","Total",1,646,634,651,672,749,746,745,724,722,698,702,746,709,718,738,736,749,723,660,670,713,629,661,687
"Nanaimo, British Columbia",5921,"Births","Total",1,1018,1026,1025,1016,1114,1065,1194,1167,1212,1207,1147,1147,1157,1141,1159,1190,1138,1136,1042,1127,1096,1068,1072,1113
"Alberni-Clayoquot, British Columbia",5923,"Births","Total",1,301,276,274,324,309,364,319,337,340,327,329,294,304,288,306,297,299,289,251,291,323,266,286,297
"Strathcona, British Columbia",5924,"Births","Total",1,344,376,332,347,392,358,487,431,416,411,382,394,407,385,397,409,364,364,368,364,375,294,325,337
"Comox Valley, British Columbia",5926,"Births","Total",1,486,532,470,490,483,444,544,485,531,519,526,535,503,499,496,524,516,489,484,476,521,468,524,544
"Powell River, British Columbia",5927,"Births","Total",1,159,138,144,135,135,136,129,163,143,149,145,152,139,137,127,145,152,138,117,120,138,135,119,123
"Sunshine Coast, British Columbia",5929,"Births","Total",1,184,184,162,182,171,204,226,231,224,221,191,196,183,182,190,185,208,220,179,190,220,172,205,213
"Squamish-Lillooet, British Columbia",5931,"Births","Total",1,461,418,468,444,427,470,561,512,508,533,489,521,528,477,517,525,517,489,429,540,508,498,536,557
"Thompson-Nicola, British Columbia",5933,"Births","Total",1,1069,1087,1078,1129,1092,1215,1271,1335,1266,1237,1254,1188,1215,1266,1300,1273,1274,1229,1194,1252,1230,1193,1074,1116
"Central Okanagan, British Columbia",5935,"Births","Total",1,1295,1326,1359,1349,1445,1544,1577,1653,1741,1638,1632,1602,1629,1704,1715,1605,1756,1563,1687,1699,1883,1711,1762,1831
"North Okanagan, British Columbia",5937,"Births","Total",1,671,643,643,657,636,689,746,752,763,746,721,746,734,683,807,699,667,710,695,760,661,681,662,688
"Columbia-Shuswap, British Columbia",5939,"Births","Total",1,376,374,368,397,423,416,422,436,449,449,450,416,412,431,464,438,457,435,422,449,464,420,458,476
"Cariboo, British Columbia",5941,"Births","Total",1,637,610,675,575,637,636,715,652,625,616,579,560,572,594,547,600,576,562,551,481,518,504,477,496
"Mount Waddington, British Columbia",5943,"Births","Total",1,168,151,159,155,138,157,149,143,141,131,147,118,116,112,102,99,119,99,109,107,104,86,79,82
"Central Coast, British Columbia",5945,"Births","Total",1,41,60,52,62,73,49,61,55,52,51,52,40,39,49,43,34,36,27,43,35,28,48,36,37
"Skeena-Queen Charlotte, British Columbia",5947,"Births","Total",1,313,270,253,229,234,224,250,236,263,219,243,225,220,205,209,247,209,208,194,220,176,164,177,183
"Kitimat-Stikine, British Columbia",5949,"Births","Total",1,505,507,430,469,441,471,442,525,440,450,434,486,460,464,440,430,422,405,448,441,418,386,389,404
"Bulkley-Nechako, British Columbia",5951,"Births","Total",1,523,542,561,514,517,496,538,499,542,480,504,448,486,459,449,477,479,446,426,424,402,422,413,429
"Fraser-Fort George, British Columbia",5953,"Births","Total",1,1057,1061,1038,1069,1069,1091,1131,1128,1104,1061,1021,1047,1017,1049,1012,1032,1040,929,989,957,851,872,954,991
"Peace River, British Columbia",5955,"Births","Total",1,758,847,809,834,838,945,993,980,965,931,1035,1016,1066,1004,1068,1007,979,918,919,914,880,885,878,913
"Stikine, British Columbia",5957,"Births","Total",1,9,10,9,6,7,2,3,3,3,6,4,8,7,2,3,1,1,1,0,0,3,4,0,0
"Northern Rockies, British Columbia",5959,"Births","Total",1,96,107,119,119,102,104,107,105,95,114,76,78,87,84,53,59,52,41,41,38,49,33,44,45
"Yukon",60,"Births","Total",1,344,322,373,340,345,354,349,400,370,404,437,404,421,415,450,428,432,457,402,446,444,421,425,443
"Yukon, Yukon",6001,"Births","Total",1,344,322,373,340,345,354,349,400,370,404,437,404,421,415,450,428,432,457,402,446,444,421,425,443
"Northwest Territories",61,"Births","Total",1,659,673,712,729,730,721,739,699,741,677,706,665,656,667,710,602,621,597,567,575,552,467,494,471
"Region 1, Northwest Territories",6101,"Births","Total",1,123,125,138,128,130,118,136,134,154,128,129,133,124,121,143,111,126,102,117,104,113,88,82,79
"Region 2, Northwest Territories",6102,"Births","Total",1,44,46,51,48,41,49,46,39,39,34,39,44,39,35,37,38,33,45,39,27,35,25,21,21
"Region 3, Northwest Territories",6103,"Births","Total",1,41,42,44,48,57,72,62,61,89,70,68,48,53,65,70,51,64,44,45,41,44,45,48,46
"Region 4, Northwest Territories",6104,"Births","Total",1,50,53,55,57,64,40,45,54,35,41,47,42,39,52,43,37,34,31,32,32,22,18,37,36
"Region 5, Northwest Territories",6105,"Births","Total",1,106,108,112,119,108,114,109,78,103,108,102,103,91,82,101,78,90,69,88,74,64,57,56,54
"Region 6, Northwest Territories",6106,"Births","Total",1,295,299,312,329,330,328,341,333,321,296,321,295,310,312,316,287,274,306,246,297,274,234,250,235
"Nunavut",62,"Births","Total",1,716,751,732,745,766,779,838,808,881,844,830,883,918,911,867,900,928,902,876,915,916,859,758,759
"Qikiqtaaluk, Nunavut",6204,"Births","Total",1,355,382,405,403,424,436,443,439,454,437,442,455,490,477,460,486,480,469,450,483,465,454,363,364
"Kivalliq, Nunavut",6205,"Births","Total",1,221,229,228,230,233,235,252,236,273,299,233,292,278,288,264,269,276,272,267,287,303,265,272,273
"Kitikmeot, Nunavut",6208,"Births","Total",1,140,140,99,112,109,108,143,133,154,108,155,136,150,146,143,145,172,161,159,145,148,140,123,122
