"geo","hh","income"
2,14687335,84000
10,221830,72000
11,63475,73500
12,421920,71500
13,332185,70500
24,3706610,73000
35,5415420,91000
46,492925,81000
47,414315,84000
48,1588960,96000
59,1988210,86000
60,16475,102000
61,15110,127000
62,9910,118000
1001,116835,79000
1002,8880,60800
1003,5980,60800
1004,9160,51200
1005,17930,67500
1006,16465,67500
1007,14835,60000
1008,15375,57600
1009,6630,65000
1010,8965,118000
1011,780,77500
1101,7505,68000
1102,36650,77500
1103,19325,69500
1201,6450,63200
1202,11105,62800
1203,8040,55600
1204,4975,56800
1205,9710,56800
1206,22260,65500
1207,26860,68000
1208,17560,77500
1209,190355,81000
1210,22525,66000
1211,13945,58400
1212,19455,64000
1213,3555,56000
1214,8525,72500
1215,7375,67000
1216,3945,61200
1217,42230,62400
1218,3050,68500
1301,34480,64000
1302,11485,67500
1303,11145,85000
1304,5095,59600
1305,28230,86000
1306,12850,78000
1307,69625,74000
1308,13150,67500
1309,18955,64500
1310,44430,78000
1311,10780,67000
1312,7770,59600
1313,14615,62800
1314,13915,56800
1315,35670,61200
2401,5815,75500
2402,8300,59600
2403,8020,69500
2404,5390,52800
2405,8120,61600
2406,5985,60800
2407,8125,56800
2408,10290,56000
2409,8325,58000
2410,27025,66000
2411,4170,53200
2412,15935,66000
2413,9030,58000
2414,9145,63600
2415,7105,64500
2416,6105,68000
2417,7980,61200
2418,10635,58000
2419,15590,73500
2420,2895,91000
2421,12950,84000
2422,18270,109000
2423,280125,72000
2425,65530,84000
2426,15135,82000
2427,7955,68500
2428,7505,60800
2429,23790,66000
2430,10025,60800
2431,19895,58800
2432,10330,60800
2433,14315,74000
2434,24515,73000
2435,6405,54400
2436,25020,53600
2437,75000,61600
2438,9010,68000
2439,32640,65000
2440,6600,54400
2441,9575,65500
2442,13355,72000
2443,80130,62800
2444,7665,66500
2445,25410,71500
2446,28890,71500
2447,41195,67000
2448,6485,61600
2449,47845,64000
2450,9970,64500
2451,16915,61200
2452,19245,67000
2453,24600,63600
2454,39110,67500
2455,15390,78500
2456,52230,75500
2457,52535,1e+05
2458,186700,79500
2459,31705,98000
2460,51435,88000
2461,32155,64500
2462,25975,61600
2463,23655,74000
2464,65115,94000
2465,169240,85000
2466,902485,67000
2467,72450,92000
2468,11495,81000
2469,9380,62400
2470,30955,66500
2471,63105,93000
2472,41210,85000
2473,65185,91000
2474,24550,90000
2475,61275,73000
2476,16000,62800
2477,23465,73000
2478,24855,63200
2479,17675,56400
2480,11365,62800
2481,126075,82000
2482,20865,111000
2483,9245,59200
2484,6475,60800
2485,6765,66000
2486,19215,76000
2487,9105,67500
2488,10695,76000
2489,19175,74500
2490,5910,60400
2491,13340,65000
2492,10795,64500
2493,23285,69500
2494,77285,70500
2495,4870,60400
2496,12930,74500
2497,15330,87000
2498,3790,81000
2499,10475,88000
3501,47425,73000
3502,37705,96000
3506,404915,103000
3507,43860,82000
3509,31320,88000
3510,69345,82000
3511,17520,85000
3512,59290,75000
3513,11015,82000
3514,36385,84000
3515,60235,79000
3516,31795,82000
3518,241425,108000
3519,388830,112000
3520,1151800,85000
3521,448490,108000
3522,22805,109000
3523,89945,97000
3524,207675,121000
3525,221115,86000
3526,194175,79500
3528,44955,85000
3529,55385,85000
3530,220645,93000
3531,31040,83000
3532,46345,87000
3534,36295,82000
3536,42760,71000
3537,164320,82000
3538,52820,83000
3539,201310,80000
3540,23535,77500
3541,28945,87000
3542,40495,78000
3543,200540,93000
3544,28310,83000
3546,9640,74000
3547,43990,81000
3548,36225,73000
3549,20185,73500
3551,4105,69500
3552,9495,77000
3553,71160,85000
3554,13800,70500
3556,32625,79000
3557,50115,71000
3558,62990,80000
3559,7395,81000
3560,18940,89000
4601,8385,73500
4602,27740,87000
4603,19165,75500
4604,2950,67500
4605,4940,68500
4606,3165,75500
4607,27885,79500
4608,3380,68500
4609,8360,73500
4610,3880,127000
4611,301040,80000
4612,9080,102000
4613,19470,1e+05
4614,6765,95000
4615,7950,73000
4616,3215,66500
4617,8340,61200
4618,9295,66500
4619,1120,62800
4620,3770,61600
4621,6530,88000
4622,5415,95000
4623,1075,90000
4701,11145,89000
4702,8405,79500
4703,4185,67500
4704,3365,66000
4705,11450,77500
4706,108290,90000
4707,19070,75000
4708,11600,78500
4709,13885,68500
4710,5430,62800
4711,127070,88000
4712,7795,83000
4713,7210,82000
4714,12980,69500
4715,30590,80000
4716,12015,70500
4717,13895,84000
4718,5935,83000
4801,33075,80000
4802,64730,85000
4803,11315,76000
4804,2910,72500
4805,17910,82000
4806,599605,101000
4807,14210,81000
4808,80310,87000
4809,6865,83000
4810,35345,83000
4811,558715,96000
4812,22810,95000
4813,24780,84000
4814,11150,98000
4815,15000,95000
4816,26005,184000
4817,15765,92000
4818,4255,98000
4819,44205,102000
5901,27755,89000
5903,27605,68500
5905,14975,71500
5907,38585,70500
5909,112345,87000
5915,1033410,90000
5917,181670,85000
5919,35730,80000
5921,74490,76000
5923,13820,69000
5924,20530,75500
5926,31490,77500
5927,9660,63600
5929,14530,75000
5931,18735,102000
5933,55990,82000
5935,87355,87000
5937,36075,79000
5939,23830,77500
5941,26185,72500
5943,4330,69500
5945,675,62000
5947,6775,88000
5949,12775,91000
5951,13780,88000
5953,39785,90000
5955,23420,98000
5957,230,61600
5959,1680,83000
6001,16475,102000
6101,2285,1e+05
6102,815,113000
6103,715,116000
6104,1060,85000
6105,2500,118000
6106,7730,147000
6204,5520,123000
6205,2715,114000
6208,1675,104000
1001101,NA,NA
1001105,NA,NA
1001113,205,65000
1001120,NA,NA
1001124,630,76500
1001126,235,64500
1001131,165,55600
1001136,NA,NA
1001140,NA,NA
1001144,NA,NA
1001149,190,67500
1001155,225,48800
1001169,NA,NA
1001174,NA,NA
1001178,150,52400
1001181,NA,NA
1001186,NA,NA
1001192,NA,NA
1001197,210,56000
1001203,260,65000
1001207,NA,NA
1001214,NA,NA
1001219,NA,NA
1001225,NA,NA
1001228,175,71000
1001234,170,72500
1001240,1545,56800
1001254,NA,NA
1001259,315,57600
1001263,NA,NA
1001267,135,71500
1001270,430,71500
1001274,NA,NA
1001277,210,56000
1001281,NA,NA
1001285,285,65000
1001289,215,69000
1001293,535,68500
1001298,415,62000
1001304,1255,59600
1001308,135,92000
1001312,320,52800
1001316,NA,NA
1001321,230,53200
1001325,170,50800
1001328,NA,NA
1001332,210,58800
1001335,175,65000
1001339,830,56400
1001343,255,62800
1001347,165,62000
1001352,210,49200
1001357,170,64500
1001361,340,62400
1001365,705,60000
1001370,2075,54800
1001374,130,98000
1001375,140,71500
1001379,1300,60800
1001385,580,65500
1001391,NA,NA
1001394,NA,NA
1001396,1110,64000
1001405,NA,NA
1001409,2490,73000
1001415,370,71500
1001421,530,77000
1001426,260,62400
1001429,590,62000
1001434,285,87000
1001437,355,52400
1001441,165,81000
1001446,325,62800
1001452,410,62800
1001456,285,69500
1001461,290,63200
1001464,270,68000
1001469,470,77000
1001472,990,86000
1001485,10670,94000
1001490,170,34400
1001494,950,38000
1001504,3160,113000
1001505,820,83000
1001507,655,123000
1001509,2970,107000
1001511,895,129000
1001512,145,83000
1001517,8800,111000
1001519,49075,75500
1001542,9915,81000
1001551,410,76500
1001557,585,1e+05
1001559,610,106000
1001565,NA,NA
1002001,NA,NA
1002002,245,1e+05
1002005,1020,68500
1002006,NA,NA
1002008,485,59600
1002009,NA,NA
1002011,240,68000
1002012,NA,NA
1002013,NA,NA
1002014,NA,NA
1002015,NA,NA
1002016,NA,NA
1002017,NA,NA
1002018,620,56800
1002019,1020,56000
1002021,255,79000
1002022,NA,NA
1002023,155,86000
1002024,2325,59200
1002025,125,76500
1002026,NA,NA
1002027,NA,NA
1002029,NA,NA
1002030,NA,NA
1002031,230,55600
1002033,NA,NA
1002034,NA,NA
1002036,195,65000
1002037,NA,NA
1002039,NA,NA
1002040,NA,NA
1002041,215,48400
1002044,NA,NA
1002048,260,61600
1002055,NA,NA
1003001,NA,NA
1003002,NA,NA
1003003,270,60800
1003004,150,39600
1003005,NA,NA
1003006,NA,NA
1003008,630,69000
1003009,NA,NA
1003010,NA,NA
1003011,190,73500
1003012,NA,NA
1003014,NA,NA
1003018,345,57200
1003019,560,55600
1003020,NA,NA
1003021,NA,NA
1003024,NA,NA
1003026,205,36800
1003028,570,51200
1003031,255,76500
1003032,240,60000
1003033,215,83000
1003034,1680,61600
1003038,NA,NA
1003042,NA,NA
1003045,175,60400
1004001,740,54000
1004006,555,52400
1004011,320,40800
1004013,525,59600
1004016,590,49200
1004017,NA,NA
1004018,750,47600
1004019,3185,50000
1004020,760,83000
1004021,205,43600
1004022,705,39200
1004033,380,43600
1004037,220,47600
1004042,195,59200
1005001,130,73500
1005003,220,52800
1005004,2140,63200
1005005,145,64000
1005006,NA,NA
1005007,NA,NA
1005008,190,61600
1005009,235,73000
1005010,295,99000
1005011,175,94000
1005012,1495,84000
1005014,205,67000
1005015,215,84000
1005016,NA,NA
1005017,625,107000
1005018,8860,63600
1005019,NA,NA
1005020,690,68000
1005022,240,59200
1005023,300,52000
1005024,230,48000
1005025,215,68500
1005028,NA,NA
1005030,495,71500
1005033,275,85000
1005035,175,54400
1006001,280,71500
1006003,335,54000
1006008,NA,NA
1006009,5055,80000
1006011,275,78000
1006012,330,69000
1006014,135,84000
1006015,200,67000
1006017,6120,66000
1006019,1425,59600
1006021,275,51200
1006022,1250,53600
1006026,295,62000
1006028,NA,NA
1006029,NA,NA
1006031,330,42800
1007001,870,58000
1007006,525,63600
1007009,510,59600
1007013,2800,72500
1007014,285,51600
1007015,NA,NA
1007016,165,74000
1007018,NA,NA
1007020,165,61600
1007022,775,51600
1007023,1460,58000
1007024,155,43600
1007025,NA,NA
1007026,NA,NA
1007027,NA,NA
1007028,410,58000
1007031,1150,62400
1007032,260,50800
1007036,255,56800
1007037,170,63200
1007038,NA,NA
1007039,NA,NA
1007040,NA,NA
1007041,NA,NA
1007042,265,50800
1007043,NA,NA
1007044,820,65500
1007045,NA,NA
1007046,NA,NA
1007047,810,55600
1007048,NA,NA
1007049,405,46400
1007050,500,53600
1007051,NA,NA
1007054,120,69000
1007056,NA,NA
1007057,250,55600
1007060,900,69500
1007067,NA,NA
1008001,NA,NA
1008004,240,57200
1008006,415,51200
1008008,1250,48800
1008011,355,42000
1008024,NA,NA
1008026,NA,NA
1008029,NA,NA
1008031,825,49600
1008032,NA,NA
1008033,380,57200
1008035,1005,51600
1008036,190,48000
1008037,210,63600
1008038,220,47200
1008039,165,52800
1008040,115,70500
1008042,345,58000
1008043,305,57200
1008044,1430,62400
1008045,NA,NA
1008046,185,47200
1008047,NA,NA
1008048,155,68500
1008049,320,56000
1008052,NA,NA
1008053,155,39200
1008054,390,76500
1008055,NA,NA
1008056,NA,NA
1008058,250,60000
1008059,205,49200
1008060,355,50800
1008061,1280,56800
1008062,NA,NA
1008063,NA,NA
1008064,NA,NA
1008065,155,42800
1008066,NA,NA
1008067,NA,NA
1008069,295,71500
1008070,NA,NA
1008071,125,60400
1008072,195,77500
1008073,NA,NA
1008074,150,61200
1008075,NA,NA
1008076,365,69500
1008077,NA,NA
1008078,NA,NA
1008079,555,73500
1008091,145,53200
1008092,NA,NA
1008093,NA,NA
1008095,135,64500
1008096,NA,NA
1008098,NA,NA
1008099,965,74000
1009001,NA,NA
1009004,205,39200
1009007,380,60400
1009008,NA,NA
1009009,NA,NA
1009010,215,50800
1009011,NA,NA
1009012,280,74500
1009013,435,63200
1009015,NA,NA
1009016,185,69000
1009017,180,38800
1009018,NA,NA
1009019,330,70000
1009020,NA,NA
1009021,990,66000
1009022,395,66000
1009023,135,99000
1009024,NA,NA
1009026,NA,NA
1009028,NA,NA
1009029,920,75000
1009030,NA,NA
1009031,245,66500
1009032,295,68000
1009034,NA,NA
1009035,NA,NA
1009037,NA,NA
1009039,NA,NA
1009041,NA,NA
1009042,NA,NA
1009047,NA,NA
1009048,NA,NA
1010001,NA,NA
1010002,250,78000
1010003,NA,NA
1010004,NA,NA
1010005,170,80000
1010006,NA,NA
1010007,NA,NA
1010008,NA,NA
1010009,160,79500
1010010,NA,NA
1010011,120,94000
1010012,205,72500
1010013,115,89000
1010020,NA,NA
1010022,245,94000
1010025,3065,107000
1010029,295,164000
1010032,3060,145000
1010034,805,147000
1010042,NA,NA
1011005,NA,NA
1011010,125,73500
1011015,NA,NA
1011020,140,79500
1011030,190,71000
1011035,245,90000
1011040,NA,NA
1101002,145,52800
1101003,265,71500
1101004,140,59200
1101005,555,78000
1101020,NA,NA
1101025,NA,NA
1101027,165,68500
1101030,NA,NA
1101033,155,70500
1101035,730,86000
1101036,480,50800
1101037,250,70500
1101040,265,74000
1101043,505,75500
1101044,NA,NA
1101045,3230,62800
1101048,115,95000
1101052,210,84000
1102002,645,66500
1102003,NA,NA
1102005,NA,NA
1102010,690,96000
1102011,NA,NA
1102013,100,97000
1102015,145,86000
1102016,855,85000
1102017,1650,84000
1102018,615,77000
1102019,145,85000
1102020,NA,NA
1102021,130,98000
1102022,385,113000
1102032,NA,NA
1102034,120,59200
1102035,NA,NA
1102037,265,94000
1102040,480,77000
1102043,160,58800
1102045,135,86000
1102046,320,53600
1102050,NA,NA
1102051,NA,NA
1102055,225,87000
1102059,NA,NA
1102061,150,86000
1102064,880,86000
1102066,215,92000
1102067,975,99000
1102068,1320,92000
1102069,120,91000
1102070,130,84000
1102071,620,82000
1102072,NA,NA
1102073,530,97000
1102075,17085,66500
1102080,4285,92000
1102085,2630,83000
1103002,275,91000
1103003,500,78000
1103004,225,82000
1103005,350,63600
1103007,505,83000
1103008,160,77000
1103014,860,59200
1103015,115,66500
1103018,NA,NA
1103020,770,84000
1103021,255,95000
1103022,NA,NA
1103023,130,81000
1103024,385,85000
1103025,7070,63200
1103027,165,64500
1103029,220,68500
1103033,NA,NA
1103039,230,58800
1103040,335,79000
1103042,375,48000
1103043,445,66000
1103050,NA,NA
1103052,555,49600
1103053,125,66500
1103055,110,96000
1103057,NA,NA
1103059,340,52800
1103060,NA,NA
1103061,690,96000
1103062,NA,NA
1103063,450,62400
1103064,885,84000
1103065,1010,66000
1103066,NA,NA
1103067,1210,88000
1103068,NA,NA
1201001,3015,69000
1201004,360,59200
1201006,2050,61600
1201008,790,58800
1201009,235,44000
1202001,3445,71500
1202004,4395,68500
1202006,3260,47600
1203001,3605,61600
1203004,3405,53200
1203006,1030,45200
1204010,4975,56800
1205001,1350,63600
1205004,2845,52400
1205008,320,43600
1205009,2020,55600
1205014,2265,64000
1205016,925,50400
1206001,11410,68500
1206004,4250,57200
1206006,1085,63600
1206008,520,63200
1206009,5000,64500
1207001,9305,72000
1207004,1040,59200
1207011,3785,65000
1207012,2955,68500
1207016,5105,68000
1207021,2235,76000
1207024,2435,57200
1208003,8265,70000
1208008,9290,86000
1209034,190355,81000
1210001,5260,74000
1210002,715,66500
1210006,6330,54800
1210008,8620,70000
1210012,1595,62400
1211001,1565,51600
1211006,2940,54800
1211009,2460,70500
1211011,4480,55600
1211012,535,55200
1211014,1965,64000
1212001,2750,71000
1212004,1450,54400
1212006,2590,67500
1212008,1560,62000
1212009,1885,58000
1212011,3685,71500
1212014,4445,58000
1212016,1090,59200
1213001,1045,58800
1213004,2215,53200
1213008,290,72000
1214001,3740,83000
1214002,2205,54800
1214006,2585,74500
1215001,1430,73000
1215002,1415,64500
1215006,2130,65000
1215011,2395,65500
1216001,1450,65000
1216006,1725,56800
1216011,780,58000
1217030,42230,62400
1218001,1840,69000
1218006,1215,67000
1301001,550,65000
1301002,NA,NA
1301004,1590,81000
1301006,31675,63200
1301016,530,80000
1302001,NA,NA
1302004,425,67000
1302006,350,60000
1302008,385,73000
1302011,950,71500
1302012,380,62800
1302014,NA,NA
1302016,1045,75000
1302018,695,67500
1302021,310,63600
1302024,270,83000
1302026,915,78500
1302028,265,70500
1302031,225,98000
1302034,700,65000
1302037,2055,58400
1302039,445,62400
1302042,645,60400
1302044,155,50800
1302052,1170,75000
1303001,340,67500
1303004,200,72500
1303005,250,67000
1303006,290,65000
1303008,3075,87000
1303011,1995,90000
1303012,3640,91000
1303014,395,75500
1303016,700,87000
1303018,260,58000
1304001,305,73000
1304004,160,65500
1304005,325,60800
1304006,140,50000
1304008,175,48800
1304011,245,73000
1304013,295,61600
1304014,335,54800
1304016,NA,NA
1304018,400,60400
1304021,515,76500
1304022,1040,49600
1304024,455,64500
1304025,605,54000
1305001,135,49600
1305004,545,65000
1305006,1160,89000
1305007,1740,86000
1305008,145,105000
1305011,870,84000
1305014,1335,79000
1305015,1965,98000
1305016,515,83000
1305018,530,73500
1305021,1040,75500
1305022,2060,56000
1305023,650,64500
1305024,200,71500
1305026,600,65500
1305028,430,65000
1305031,1380,74000
1305034,635,71000
1305036,120,78000
1305038,480,60400
1305045,4860,1e+05
1305057,6845,112000
1306001,280,60400
1306003,140,53200
1306004,185,65500
1306006,125,69500
1306007,NA,NA
1306008,465,55600
1306011,605,72500
1306014,1860,88000
1306020,8625,80000
1306025,560,65000
1307001,395,67500
1307002,165,53600
1307004,540,56800
1307005,2850,82000
1307007,1015,75500
1307008,485,74000
1307009,2660,69000
1307011,195,69500
1307012,205,48000
1307013,2070,81000
1307016,2285,82000
1307019,4150,91000
1307022,34915,68000
1307024,1320,70000
1307028,960,70000
1307029,605,67000
1307045,11525,88000
1307052,3290,67000
1308001,1900,75000
1308002,1210,79000
1308004,1450,69500
1308005,1095,62400
1308006,835,68000
1308007,765,83000
1308008,365,67500
1308010,135,44800
1308012,NA,NA
1308014,615,54800
1308016,935,70500
1308017,410,64500
1308018,645,43200
1308019,915,65500
1308021,740,69500
1308022,435,46800
1308024,330,59600
1308026,370,65000
1309001,1010,70000
1309004,655,66000
1309006,220,88000
1309011,410,67000
1309014,400,83000
1309016,480,53200
1309017,540,44800
1309018,820,60800
1309019,380,72000
1309021,215,55600
1309022,405,54000
1309026,720,77000
1309027,955,58000
1309028,965,69500
1309031,495,62400
1309036,1610,59600
1309038,720,62400
1309050,7960,66500
1310001,1040,103000
1310002,1525,116000
1310004,825,76500
1310005,185,64500
1310006,535,51600
1310007,NA,NA
1310008,NA,NA
1310011,240,67500
1310012,150,66500
1310013,NA,NA
1310014,180,94000
1310016,465,70000
1310017,1795,105000
1310018,1085,106000
1310021,520,72000
1310024,630,71000
1310025,160,51600
1310026,1335,75500
1310028,2245,87000
1310031,1950,91000
1310032,28345,73500
1310036,370,67000
1310037,160,60800
1310054,430,69000
1311001,525,70000
1311004,880,83000
1311006,2475,61600
1311008,715,70500
1311011,655,62800
1311012,375,72500
1311014,1115,75500
1311018,405,67000
1311019,260,50400
1311021,205,78000
1311024,475,66500
1311026,385,60000
1311027,675,79000
1311028,825,65500
1311030,205,42000
1311031,605,66000
1312001,360,69500
1312002,150,54000
1312004,455,63200
1312006,735,48000
1312008,690,62000
1312009,480,48000
1312011,185,45200
1312014,610,52400
1312016,445,66500
1312019,2485,59200
1312021,860,82000
1312023,315,72000
1313002,735,70000
1313004,345,75500
1313006,560,65500
1313008,115,53600
1313011,435,61200
1313012,415,52000
1313014,355,61200
1313015,305,63200
1313018,305,55600
1313022,670,82000
1313024,710,69500
1313027,7680,58800
1313028,NA,NA
1313031,1630,64000
1313037,335,72000
1314001,470,43200
1314003,NA,NA
1314004,635,74000
1314005,120,64500
1314006,715,69000
1314008,495,70000
1314011,835,64000
1314012,325,57600
1314013,1480,61600
1314014,3255,48400
1314015,420,86000
1314016,310,54000
1314017,1520,52800
1314020,930,56400
1314021,630,74500
1314022,970,57200
1314025,675,50000
1315002,7085,61600
1315006,875,58000
1315008,2085,75000
1315011,5800,55200
1315012,2675,68500
1315013,400,73000
1315014,890,59600
1315015,2010,64000
1315016,575,58800
1315017,305,42400
1315019,1045,48800
1315020,335,60400
1315021,610,47600
1315022,365,67000
1315024,1035,63200
1315026,595,66500
1315027,615,58400
1315028,1985,65500
1315029,2250,59200
1315030,325,71000
1315031,1190,66500
1315032,575,58800
1315033,390,56400
1315036,585,58000
1315037,440,68500
1315038,350,59600
1315040,285,40800
2401023,5565,74500
2401042,250,97000
2402005,1550,56800
2402010,475,71000
2402015,1635,57200
2402028,3570,59200
2402047,1075,62800
2402902,NA,NA
2403005,6765,71500
2403010,315,57200
2403015,NA,NA
2403020,530,65500
2403025,325,54800
2403902,NA,NA
2403904,NA,NA
2404005,160,43200
2404010,500,53200
2404015,NA,NA
2404020,NA,NA
2404025,145,50400
2404030,NA,NA
2404037,3020,54400
2404047,1220,49600
2404902,NA,NA
2404904,NA,NA
2405010,135,53200
2405015,190,51600
2405020,135,61600
2405025,290,57200
2405032,1400,62000
2405040,605,57600
2405045,1290,57600
2405050,185,68000
2405055,575,80000
2405060,910,57600
2405065,305,63200
2405070,1710,64500
2405077,355,63200
2405902,NA,NA
2406005,1160,72500
2406013,2000,63600
2406020,845,61600
2406025,250,60000
2406030,640,52800
2406035,NA,NA
2406040,NA,NA
2406045,305,46000
2406050,240,52800
2406055,320,50400
2406060,NA,NA
2406902,NA,NA
2406904,NA,NA
2407005,NA,NA
2407010,190,43600
2407018,1040,56800
2407025,NA,NA
2407030,400,67000
2407035,190,46000
2407040,150,72500
2407047,2805,60000
2407057,595,68000
2407065,135,64500
2407070,180,41200
2407075,215,50400
2407080,425,66000
2407085,800,49600
2407090,150,52800
2407095,265,49600
2407100,190,54400
2407105,185,63200
2407902,NA,NA
2407904,NA,NA
2407906,NA,NA
2407908,NA,NA
2407910,NA,NA
2407912,NA,NA
2407914,NA,NA
2408005,525,44400
2408010,NA,NA
2408015,205,41600
2408023,500,54400
2408030,240,68000
2408035,480,63600
2408040,NA,NA
2408053,6950,55600
2408065,175,43200
2408073,765,61600
2408080,260,59200
2408902,NA,NA
2409005,185,38400
2409010,NA,NA
2409015,180,34800
2409020,NA,NA
2409025,500,59600
2409030,410,69500
2409035,440,50800
2409040,NA,NA
2409048,300,51200
2409055,195,59200
2409060,NA,NA
2409065,760,58000
2409070,225,64500
2409077,3025,51600
2409085,435,63200
2409092,1275,72500
2409902,NA,NA
2409904,NA,NA
2410005,175,45600
2410010,NA,NA
2410015,490,67500
2410025,210,55200
2410030,1245,82000
2410043,23375,66000
2410060,365,74500
2410070,855,58000
2410075,195,52000
2410902,NA,NA
2411005,225,52800
2411010,685,49600
2411015,140,48400
2411020,NA,NA
2411025,NA,NA
2411030,180,48800
2411035,140,78000
2411040,1560,50000
2411045,570,61600
2411050,320,68500
2411055,200,52400
2411902,NA,NA
2412005,435,64500
2412010,625,57200
2412015,1885,73000
2412020,435,84000
2412025,NA,NA
2412030,330,59200
2412035,165,58400
2412043,610,54000
2412045,NA,NA
2412057,830,71500
2412065,440,82000
2412072,9430,63600
2412080,590,96000
2413005,1365,58000
2413010,NA,NA
2413015,255,59600
2413020,185,51200
2413025,610,45600
2413030,250,60000
2413040,265,52000
2413045,190,58000
2413050,NA,NA
2413055,225,44000
2413060,250,53600
2413065,490,54800
2413073,2350,62400
2413075,NA,NA
2413080,545,67000
2413085,150,63600
2413090,285,62000
2413095,1160,63600
2413100,140,58400
2414005,525,57200
2414010,235,67500
2414018,1525,63600
2414025,350,58000
2414030,150,67500
2414035,850,76500
2414040,230,68500
2414045,125,79000
2414050,265,63200
2414055,215,73000
2414060,355,59200
2414065,430,70000
2414070,695,60400
2414075,320,71000
2414080,240,60000
2414085,1965,57200
2414090,680,77500
2414902,NA,NA
2414904,NA,NA
2415005,330,78000
2415013,3810,63200
2415025,335,74500
2415030,515,69000
2415035,1425,65000
2415058,515,64500
2415065,NA,NA
2415902,NA,NA
2415904,NA,NA
2416005,425,94000
2416013,3400,64000
2416023,575,64000
2416048,630,83000
2416050,500,66500
2416055,570,69500
2416902,NA,NA
2417005,140,64000
2417010,1080,56000
2417015,205,60400
2417020,185,58400
2417025,160,55200
2417030,745,54000
2417035,265,43200
2417040,280,60000
2417045,380,60400
2417055,625,63200
2417060,310,55600
2417065,395,68500
2417070,1515,63200
2417078,1695,62800
2418005,345,39600
2418010,NA,NA
2418015,455,51200
2418020,165,43600
2418025,215,43200
2418030,405,54000
2418035,180,53600
2418040,200,42800
2418045,1335,68000
2418050,5430,55600
2418055,355,73000
2418060,625,69000
2418065,785,74500
2418070,NA,NA
2419005,340,44800
2419010,385,66000
2419015,135,52400
2419020,500,53600
2419025,695,63200
2419030,815,60800
2419037,665,50400
2419045,325,74000
2419050,495,66000
2419055,1545,70500
2419062,1640,77500
2419068,2310,87000
2419070,300,77000
2419075,765,75000
2419082,1055,72000
2419090,320,71500
2419097,1000,85000
2419105,1110,99000
2419110,755,83000
2419117,425,72000
2420005,240,87000
2420010,290,97000
2420015,480,77000
2420020,695,105000
2420025,745,87000
2420030,450,96000
2421005,715,54800
2421010,1790,89000
2421015,NA,NA
2421020,625,76000
2421025,1855,75000
2421030,1385,63200
2421035,1905,78000
2421040,1635,91000
2421045,3045,119000
2421902,NA,NA
2421904,NA,NA
2422005,3295,98000
2422010,1005,104000
2422015,155,137000
2422020,2335,114000
2422025,1065,108000
2422030,305,123000
2422035,3855,105000
2422040,3065,134000
2422045,3195,103000
2422902,NA,NA
2423015,NA,NA
2423027,264720,71000
2423057,7305,87000
2423072,8100,110000
2425213,65530,84000
2426005,545,73500
2426010,490,89000
2426015,815,67500
2426022,980,91000
2426030,5450,78000
2426035,455,68500
2426040,520,80000
2426048,1015,87000
2426055,905,82000
2426063,1290,84000
2426070,2655,96000
2427008,965,67500
2427015,190,87000
2427028,2680,65500
2427035,535,65500
2427043,2100,73000
2427050,110,74000
2427055,185,80000
2427060,645,67500
2427065,420,58400
2427070,105,44800
2428005,720,62800
2428015,420,53200
2428020,1540,67500
2428025,455,66500
2428030,350,71500
2428035,185,58400
2428040,225,54000
2428045,780,65500
2428053,1715,62000
2428060,220,56800
2428065,180,44400
2428070,370,46000
2428075,350,40400
2429005,305,53600
2429013,900,70500
2429020,NA,NA
2429025,190,63200
2429030,790,56000
2429038,605,64500
2429045,1120,63200
2429050,350,89000
2429057,1370,64500
2429065,130,59600
2429073,15330,63600
2429095,NA,NA
2429100,690,73500
2429112,935,71000
2429120,740,81000
2429125,230,87000
2430005,310,59600
2430010,460,50000
2430015,NA,NA
2430020,205,57600
2430025,765,79000
2430030,2935,50800
2430035,335,67500
2430040,130,75000
2430045,605,68500
2430050,310,65500
2430055,270,73000
2430070,240,66000
2430072,420,70500
2430080,480,64000
2430085,285,62000
2430090,375,48400
2430095,740,62000
2430100,295,61200
2430105,260,71000
2430110,515,63200
2431008,470,61600
2431015,1225,46800
2431020,530,67000
2431025,NA,NA
2431030,115,53600
2431035,145,55200
2431040,375,63200
2431045,865,60000
2431050,145,51600
2431056,1245,68500
2431060,215,92000
2431084,12195,57200
2431095,155,79000
2431100,125,60000
2431105,125,71500
2431122,1015,64000
2431130,190,62000
2431135,375,57600
2431140,275,60800
2432013,955,70000
2432023,195,72000
2432033,2710,62000
2432040,3155,53600
2432045,1030,78000
2432050,205,51600
2432058,370,55600
2432065,660,60000
2432072,535,60400
2432080,320,74000
2432085,195,59200
2433007,385,60000
2433017,435,64000
2433025,420,69500
2433030,420,76500
2433035,1185,71500
2433040,415,62400
2433045,1890,77500
2433052,645,68500
2433060,1120,67000
2433065,465,72500
2433070,425,67000
2433080,495,68000
2433085,315,90000
2433090,3285,87000
2433095,720,86000
2433102,1100,62400
2433115,375,54000
2433123,205,56000
2434007,1855,99000
2434017,4135,87000
2434025,3295,67000
2434030,1495,89000
2434038,1230,67000
2434048,1605,62800
2434058,1020,72000
2434060,110,77500
2434065,1330,58400
2434078,665,55600
2434085,120,51600
2434090,710,57600
2434097,570,59600
2434105,310,68000
2434115,530,61200
2434120,240,87000
2434128,4975,71500
2434135,320,65500
2434902,NA,NA
2434904,NA,NA
2434906,NA,NA
2435005,420,45600
2435010,745,55200
2435015,420,60000
2435020,390,65500
2435027,1880,48800
2435035,630,65500
2435040,250,73500
2435045,185,67500
2435050,1175,48000
2435055,305,52400
2435902,NA,NA
2435904,NA,NA
2435906,NA,NA
2435908,NA,NA
2436033,25020,53600
2437067,66600,60800
2437205,955,51600
2437210,465,62400
2437215,490,66000
2437220,850,72000
2437225,235,75500
2437230,1315,82000
2437235,2550,76500
2437240,825,62000
2437245,485,56400
2437250,230,44800
2438005,310,61200
2438010,5895,75500
2438015,205,60000
2438020,110,64500
2438028,375,46800
2438035,210,67500
2438040,340,50800
2438047,300,52000
2438055,160,61600
2438060,130,74000
2438065,520,65500
2438070,440,50800
2439005,145,60400
2439010,375,45200
2439015,200,57600
2439020,165,58400
2439025,605,77500
2439030,345,74500
2439035,135,68500
2439043,420,78500
2439060,1150,92000
2439062,21795,61600
2439077,2020,68000
2439085,650,84000
2439090,130,79500
2439097,810,94000
2439105,140,60800
2439117,645,59600
2439130,315,68500
2439135,490,74500
2439145,340,79000
2439152,1070,60800
2439165,210,55600
2439170,485,63200
2440005,NA,NA
2440010,220,61600
2440017,520,56800
2440025,215,73000
2440032,360,73500
2440043,3445,47600
2440047,1735,59600
2441012,300,59200
2441020,170,61200
2441027,360,50400
2441037,265,62800
2441038,2100,71000
2441055,1305,88000
2441060,1650,64500
2441065,405,67500
2441070,500,62800
2441075,NA,NA
2441080,240,52800
2441085,195,49600
2441098,1230,52800
2441117,770,77500
2442005,1195,88000
2442020,1000,85000
2442025,1835,101000
2442032,560,84000
2442040,270,67000
2442045,270,52800
2442050,235,74000
2442055,1055,57200
2442060,440,71500
2442065,185,65000
2442070,NA,NA
2442075,385,69000
2442078,185,1e+05
2442088,2360,62400
2442095,680,81000
2442098,1600,52000
2442100,465,86000
2442110,550,69500
2443027,80130,62800
2444003,185,66500
2444005,NA,NA
2444010,105,58800
2444015,310,70500
2444023,230,81000
2444037,3955,61600
2444045,195,62000
2444050,190,77500
2444055,185,80000
2444060,165,61200
2444071,1215,75500
2444080,900,70500
2445008,1265,52000
2445020,325,67000
2445025,540,84000
2445030,1010,66000
2445035,565,68500
2445043,295,88000
2445050,315,71000
2445055,870,102000
2445060,1150,90000
2445072,13395,62400
2445080,NA,NA
2445085,865,86000
2445093,1095,87000
2445095,555,72000
2445100,420,77500
2445105,505,73000
2445115,2230,99000
2446005,190,72500
2446010,465,68000
2446017,560,66500
2446025,205,62800
2446030,105,85000
2446035,1230,55600
2446040,260,76500
2446045,340,71500
2446050,1440,75500
2446058,2355,67000
2446065,345,78500
2446070,135,67000
2446075,2770,75000
2446078,5030,99000
2446080,6965,58800
2446085,280,69000
2446090,920,78000
2446095,230,77500
2446100,250,64500
2446105,390,93000
2446112,4410,67500
2447010,1220,95000
2447017,31735,62800
2447025,2235,59200
2447030,150,66000
2447035,2870,97000
2447040,515,75000
2447047,1675,78000
2447055,785,88000
2448005,115,63600
2448010,610,59600
2448015,345,65500
2448020,250,60000
2448028,3430,57200
2448038,810,70500
2448045,575,75000
2448050,345,74000
2449005,610,60800
2449015,385,66500
2449020,345,64500
2449025,510,81000
2449030,795,68000
2449040,985,80000
2449048,1985,75500
2449058,36600,61200
2449070,1825,81000
2449075,710,71000
2449080,375,84000
2449085,270,78500
2449095,495,88000
2449100,285,90000
2449105,455,61200
2449113,625,65500
2449125,400,72500
2449130,180,78000
2450005,385,63200
2450013,165,64000
2450023,475,70000
2450030,365,67000
2450035,230,64500
2450042,1090,69500
2450050,370,65500
2450057,195,72000
2450065,195,89000
2450072,3715,65500
2450085,140,57200
2450090,230,63600
2450095,NA,NA
2450100,395,68500
2450113,1020,53600
2450128,910,54800
2451008,1075,56800
2451015,3625,48000
2451020,1160,67500
2451025,530,67000
2451030,125,73500
2451035,340,58400
2451040,620,55200
2451045,445,67000
2451050,350,61200
2451055,300,50400
2451060,700,58400
2451065,1575,46800
2451070,760,70500
2451075,925,67500
2451080,460,61200
2451085,2090,81000
2451090,1830,81000
2452007,5810,82000
2452017,2110,77000
2452030,545,72000
2452035,2160,47600
2452040,930,77500
2452045,935,74500
2452050,305,72000
2452055,925,61600
2452062,800,59600
2452070,435,62400
2452075,NA,NA
2452080,1365,43600
2452085,1260,60800
2452090,335,54000
2452095,1230,53600
2453005,340,64000
2453010,265,51600
2453015,140,72500
2453020,780,74500
2453025,1100,76000
2453032,800,77000
2453040,1125,84000
2453050,855,44000
2453052,17060,60400
2453065,1265,80000
2453072,785,66000
2453085,NA,NA
2454008,2350,79000
2454017,935,82000
2454025,960,82000
2454030,1140,84000
2454035,995,91000
2454048,26710,61600
2454060,1050,84000
2454065,620,85000
2454072,1095,90000
2454090,510,82000
2454095,680,74500
2454100,495,75000
2454105,360,84000
2454110,490,78000
2454115,240,74000
2454120,305,69500
2454125,185,54400
2455008,1035,85000
2455015,1125,78000
2455023,2475,70000
2455030,715,84000
2455037,1075,79000
2455048,4640,78000
2455057,2380,78500
2455065,1950,85000
2456005,940,68000
2456010,515,60000
2456015,630,66000
2456023,1150,72000
2456030,125,86000
2456035,960,74000
2456042,590,72000
2456050,250,83000
2456055,960,90000
2456060,855,79000
2456065,835,81000
2456083,42780,75000
2456097,1125,97000
2456105,530,81000
2457005,12390,1e+05
2457010,4255,121000
2457020,6555,107000
2457025,2410,86000
2457030,3330,104000
2457033,1300,79000
2457035,7740,103000
2457040,10135,91000
2457045,1155,115000
2457050,845,1e+05
2457057,740,91000
2457068,970,79000
2457075,690,90000
2458007,35745,84000
2458012,10510,88000
2458033,17270,109000
2458037,10435,116000
2458227,112735,72000
2459010,11590,106000
2459015,5090,92000
2459020,8375,103000
2459025,2370,91000
2459030,190,83000
2459035,4105,82000
2460005,3140,66000
2460013,34115,91000
2460020,1470,83000
2460028,9170,88000
2460037,3550,81000
2461005,2690,86000
2461013,1750,69000
2461020,120,62800
2461025,10545,52800
2461027,1435,77000
2461030,4445,70500
2461035,6850,60400
2461040,1640,78500
2461045,1300,72000
2461050,1390,75000
2462007,3005,65500
2462015,2240,64000
2462020,1035,61200
2462025,1715,62800
2462030,830,67500
2462037,5410,62400
2462047,2705,57200
2462053,585,62400
2462055,615,60000
2462060,2425,67000
2462065,1315,52400
2462070,845,58800
2462075,1210,58800
2462080,725,52000
2462085,1265,59600
2462902,NA,NA
2462904,NA,NA
2462906,NA,NA
2462908,NA,NA
2462910,NA,NA
2462912,NA,NA
2462914,NA,NA
2462916,NA,NA
2462918,NA,NA
2462919,NA,NA
2462920,NA,NA
2462922,NA,NA
2463005,495,72500
2463013,1850,68000
2463023,515,86000
2463030,845,65500
2463035,2135,82000
2463040,65,81000
2463048,9235,79000
2463055,3135,60000
2463060,4555,74000
2463065,835,82000
2464008,45170,95000
2464015,19945,92000
2465005,169240,85000
2466007,2005,65500
2466023,808950,64500
2466032,8490,119000
2466047,1935,127000
2466058,14540,72500
2466062,2480,150000
2466072,7685,124000
2466087,8690,77500
2466092,NA,NA
2466097,13270,93000
2466102,6610,126000
2466107,6740,139000
2466112,1320,145000
2466117,2090,82000
2466127,350,130000
2466142,17325,96000
2467005,920,87000
2467010,2850,103000
2467015,11010,91000
2467020,8720,112000
2467025,3470,87000
2467030,6900,88000
2467035,11290,101000
2467040,1040,94000
2467045,5370,1e+05
2467050,19895,79500
2467055,985,96000
2468005,580,79500
2468010,380,58400
2468015,765,73500
2468020,755,80000
2468025,735,78000
2468030,1635,78500
2468035,625,89000
2468040,685,94000
2468045,485,95000
2468050,1215,103000
2468055,3635,76000
2469005,325,52400
2469010,655,67000
2469017,1060,67500
2469025,335,81000
2469030,420,83000
2469037,1640,60400
2469045,970,58400
2469050,160,64000
2469055,1200,46000
2469060,530,58800
2469065,700,81000
2469070,1255,67000
2469075,140,68000
2470005,460,87000
2470012,2355,78500
2470022,6265,70000
2470030,415,110000
2470035,725,83000
2470040,765,83000
2470052,19965,62000
2471005,990,91000
2471015,290,48800
2471020,980,75000
2471025,3985,87000
2471033,2405,80000
2471040,2900,91000
2471045,690,82000
2471050,2745,99000
2471055,745,82000
2471060,4985,75500
2471065,4060,120000
2471070,5625,95000
2471075,810,78500
2471083,16635,90000
2471090,480,146000
2471095,NA,NA
2471100,2325,102000
2471105,7740,122000
2471110,425,88000
2471115,355,68000
2471125,370,86000
2471133,3315,81000
2471140,225,70000
2472005,18860,80000
2472010,7260,85000
2472015,7500,97000
2472020,2585,78000
2472025,2690,93000
2472032,1575,85000
2472043,740,71500
2473005,11395,87000
2473010,12660,65000
2473015,22395,106000
2473020,5240,120000
2473025,3385,129000
2473030,4250,83000
2473035,5855,80000
2474005,24550,90000
2475005,6615,1e+05
2475017,37280,62400
2475028,7180,84000
2475040,5520,96000
2475045,4680,84000
2476008,1335,64500
2476020,6490,56400
2476025,1120,73000
2476030,755,85000
2476035,295,72500
2476043,3220,68500
2476052,1350,61600
2476055,900,55200
2476065,530,50000
2477011,NA,NA
2477012,1700,67500
2477022,6880,68500
2477030,1820,77000
2477035,1780,97000
2477043,5915,71000
2477050,2200,84000
2477055,NA,NA
2477060,870,67500
2477065,2035,66000
2478005,1485,65000
2478010,2665,65000
2478015,405,67500
2478020,675,64500
2478032,5495,59200
2478042,220,80000
2478047,1790,71000
2478050,NA,NA
2478055,285,60400
2478060,300,56400
2478065,440,52400
2478070,880,53600
2478075,520,62800
2478095,995,61600
2478100,395,59200
2478102,5390,68000
2478115,740,70500
2478120,1350,60400
2478127,NA,NA
2478130,765,69000
2479005,930,57200
2479010,395,60800
2479015,280,44000
2479022,370,64000
2479025,390,50000
2479030,1175,58400
2479037,2325,54000
2479047,510,53200
2479050,480,53200
2479060,245,63200
2479065,510,53200
2479078,1355,62000
2479088,6650,57200
2479097,1225,55600
2479105,255,52400
2479110,285,56800
2479115,285,40400
2479902,NA,NA
2479904,NA,NA
2479906,NA,NA
2479910,NA,NA
2479912,NA,NA
2479914,NA,NA
2479916,NA,NA
2479920,NA,NA
2479922,NA,NA
2479924,NA,NA
2479926,NA,NA
2480005,260,46800
2480010,465,60800
2480015,130,77000
2480020,280,54000
2480027,1605,63600
2480037,1000,61600
2480045,495,76000
2480050,1420,60800
2480055,150,77000
2480060,340,84000
2480065,285,118000
2480070,210,69000
2480078,775,74000
2480085,215,73000
2480090,585,57600
2480095,555,66500
2480103,485,43200
2480110,270,38800
2480115,200,60800
2480125,240,66500
2480130,255,48400
2480135,310,67500
2480140,495,53600
2480145,330,60400
2481017,126075,82000
2482005,2150,119000
2482010,365,70500
2482015,5330,102000
2482020,4085,131000
2482025,3020,146000
2482030,2310,1e+05
2482035,3600,87000
2483005,250,60000
2483010,490,64000
2483015,475,52000
2483020,380,78500
2483032,1100,56800
2483040,410,55200
2483045,370,59600
2483050,335,59600
2483055,300,64000
2483060,785,67500
2483065,1865,50800
2483070,860,56000
2483075,235,49600
2483085,210,75500
2483088,280,69000
2483090,340,66500
2483095,555,52800
2483902,NA,NA
2483904,NA,NA
2483906,NA,NA
2483908,NA,NA
2483912,NA,NA
2484005,520,71000
2484010,750,56000
2484015,545,68500
2484020,NA,NA
2484025,315,55200
2484030,330,46000
2484035,320,50400
2484040,240,69000
2484045,235,44000
2484050,NA,NA
2484055,480,60400
2484060,575,59600
2484065,875,76500
2484070,170,56400
2484082,590,71000
2484090,160,51200
2484095,NA,NA
2484100,NA,NA
2484902,NA,NA
2485005,1110,71500
2485010,160,86000
2485015,285,70500
2485020,375,57200
2485025,1185,61200
2485030,380,68000
2485037,555,69500
2485045,475,74000
2485052,440,73500
2485055,175,68500
2485060,140,46000
2485065,NA,NA
2485070,105,49600
2485075,NA,NA
2485085,190,89000
2485090,495,59200
2485095,130,97000
2485100,135,65500
2485105,140,55600
2485905,NA,NA
2485907,NA,NA
2486042,19215,76000
2487005,355,67000
2487010,150,87000
2487015,185,59200
2487020,225,88000
2487025,570,78000
2487030,370,83000
2487035,260,65000
2487042,420,58000
2487050,135,63600
2487058,1125,70500
2487070,150,80000
2487075,165,65000
2487080,145,71500
2487085,395,85000
2487090,3485,59600
2487095,NA,NA
2487100,130,71000
2487105,NA,NA
2487110,195,88000
2487115,355,62800
2487120,NA,NA
2487902,NA,NA
2487904,NA,NA
2488005,NA,NA
2488010,NA,NA
2488015,NA,NA
2488022,925,67500
2488030,335,1e+05
2488035,380,81000
2488040,350,114000
2488045,195,71500
2488050,325,88000
2488055,5720,71500
2488060,405,89000
2488065,200,66000
2488070,195,77000
2488075,520,93000
2488080,NA,NA
2488085,300,78500
2488090,425,106000
2488902,NA,NA
2488904,NA,NA
2489008,15000,75500
2489010,640,93000
2489015,1480,70500
2489040,1390,60000
2489045,550,76000
2489050,NA,NA
2489902,NA,NA
2489908,NA,NA
2489910,NA,NA
2489912,NA,NA
2490012,5530,60000
2490017,270,64000
2490027,NA,NA
2491005,640,52000
2491010,225,64000
2491015,330,58800
2491020,820,65000
2491025,4515,62800
2491030,410,69000
2491035,1145,73000
2491042,4640,67000
2491050,595,62800
2491902,NA,NA
2492005,135,64500
2492010,270,69000
2492015,480,77000
2492022,6230,62400
2492030,915,76000
2492040,1250,65500
2492045,355,52000
2492050,140,58000
2492055,460,63200
2492060,NA,NA
2492065,200,72500
2492070,160,68000
2492902,NA,NA
2492904,NA,NA
2493005,450,63600
2493012,1785,66500
2493020,1045,73000
2493025,550,66000
2493030,1195,77000
2493035,955,87000
2493042,13760,68000
2493045,825,81000
2493055,575,72000
2493060,240,62000
2493065,850,67500
2493070,375,79000
2493075,370,77000
2493080,320,66500
2493902,NA,NA
2493904,NA,NA
2493906,NA,NA
2493908,NA,NA
2494068,67245,69500
2494205,285,55600
2494210,615,66500
2494215,205,67000
2494220,265,76000
2494225,550,81000
2494230,210,57600
2494235,910,68500
2494240,2520,89000
2494245,1370,81000
2494250,380,62000
2494255,1680,74500
2494260,330,72000
2494265,690,86000
2494926,NA,NA
2494928,NA,NA
2494930,NA,NA
2495005,395,64000
2495010,725,73500
2495018,300,60800
2495025,855,62400
2495032,480,49600
2495040,305,58800
2495045,1480,58400
2495050,330,52800
2495902,NA,NA
2496005,245,54000
2496010,160,56400
2496015,160,69500
2496020,9545,75500
2496025,855,79000
2496030,625,91000
2496035,685,57600
2496040,615,71000
2496902,NA,NA
2497007,11235,81000
2497022,2925,81000
2497035,975,162000
2497040,NA,NA
2497902,NA,NA
2497904,NA,NA
2497906,NA,NA
2497908,NA,NA
2497912,NA,NA
2497914,NA,NA
2498005,465,88000
2498010,290,81000
2498012,175,67000
2498014,195,56000
2498015,355,72000
2498020,NA,NA
2498025,125,77000
2498030,NA,NA
2498035,NA,NA
2498040,1415,96000
2498045,195,93000
2498050,NA,NA
2498055,NA,NA
2498904,NA,NA
2498912,NA,NA
2499005,940,93000
2499010,NA,NA
2499015,605,94000
2499020,650,78000
2499025,3180,85000
2499030,NA,NA
2499035,NA,NA
2499040,NA,NA
2499045,NA,NA
2499050,NA,NA
2499055,NA,NA
2499060,920,89000
2499065,NA,NA
2499070,NA,NA
2499075,245,70500
2499080,170,68000
2499085,485,88000
2499090,245,93000
2499095,975,112000
2499100,105,81000
2499105,NA,NA
2499110,170,90000
2499115,145,73500
2499120,545,93000
2499125,180,76500
2499130,295,75500
2499135,425,86000
2499140,125,67000
2499877,NA,NA
2499878,NA,NA
2499879,NA,NA
2499883,NA,NA
2499885,NA,NA
2499887,NA,NA
2499888,NA,NA
2499889,NA,NA
2499890,NA,NA
2499891,NA,NA
2499892,NA,NA
2499893,NA,NA
2499894,NA,NA
2499902,NA,NA
2499904,NA,NA
3501005,5160,90000
3501011,5300,93000
3501012,21315,60400
3501020,4490,78000
3501030,4285,91000
3501042,2690,93000
3501050,4190,70000
3502001,1360,82000
3502008,5075,53200
3502010,3675,84000
3502023,3960,85000
3502025,4880,106000
3502036,10025,106000
3502044,1575,99000
3502048,7150,124000
3506008,404915,103000
3507004,3075,87000
3507006,2895,96000
3507008,1890,60400
3507014,3645,92000
3507015,10620,64500
3507017,1030,80000
3507021,3885,91000
3507024,2550,67500
3507033,335,66000
3507040,4580,84000
3507042,1190,89000
3507052,1225,94000
3507065,6950,108000
3509001,1460,98000
3509004,4290,61600
3509010,3180,98000
3509015,2315,92000
3509021,3270,63200
3509024,3320,126000
3509028,5190,89000
3509030,5870,101000
3509039,2430,82000
3510005,875,89000
3510010,57435,79000
3510020,7765,104000
3510035,2140,68000
3510045,1130,70500
3511005,6770,95000
3511015,6745,77500
3511030,2910,92000
3511035,1100,54400
3512001,1550,1e+05
3512002,715,63200
3512005,23425,73000
3512015,18875,81000
3512020,1870,79500
3512026,1875,77500
3512030,2500,70000
3512036,810,76000
3512046,1865,61600
3512048,350,52800
3512051,200,53600
3512054,360,54000
3512058,745,62000
3512061,1795,60000
3512065,400,69000
3512076,1960,68500
3513020,11015,82000
3514004,4940,81000
3514014,2550,86000
3514019,4185,107000
3514020,7210,88000
3514021,9120,77500
3514024,2735,102000
3514045,5655,73000
3515003,1785,80000
3515005,2565,97000
3515013,3400,110000
3515014,35895,72000
3515015,7340,96000
3515023,2790,96000
3515030,2205,71500
3515037,1320,79000
3515044,2930,86000
3516010,31795,82000
3518001,33275,119000
3518005,39390,119000
3518009,46340,123000
3518013,66345,86000
3518017,35665,113000
3518020,7985,107000
3518029,7775,120000
3518039,4660,92000
3519028,103545,124000
3519036,110140,104000
3519038,68925,103000
3519044,16615,123000
3519046,21440,119000
3519048,30205,110000
3519049,8790,142000
3519054,11390,119000
3519070,17785,98000
3520005,1151800,85000
3521005,243100,102000
3521010,181930,111000
3521024,23465,133000
3522001,825,148000
3522008,1290,123000
3522010,1330,107000
3522012,3055,141000
3522014,11030,103000
3522016,1320,115000
3522019,935,101000
3522021,3025,99000
3523001,2785,134000
3523008,56310,93000
3523009,4695,130000
3523017,4060,129000
3523025,11695,1e+05
3523033,2700,108000
3523043,3245,84000
3523050,4460,77500
3524001,73110,129000
3524002,72995,110000
3524009,39820,126000
3524015,21750,126000
3525005,221115,86000
3526003,13995,76000
3526011,8650,70000
3526014,2480,97000
3526021,5035,106000
3526028,6845,110000
3526032,23585,71500
3526037,9050,83000
3526043,37595,75000
3526047,7645,98000
3526053,58620,73000
3526057,9325,102000
3526065,11340,104000
3528018,18110,92000
3528052,26845,82000
3529005,13820,108000
3529006,41570,79500
3530004,3610,128000
3530010,51170,93000
3530013,99445,87000
3530016,46630,95000
3530020,7705,114000
3530027,3000,121000
3530035,9075,114000
3531011,14705,77500
3531013,1155,96000
3531016,3120,86000
3531025,3075,89000
3531030,3455,95000
3531040,5525,84000
3532002,3450,95000
3532004,8195,73500
3532012,2360,99000
3532018,5465,88000
3532027,2710,107000
3532038,2750,99000
3532042,18850,83000
3532045,2570,109000
3534005,2130,80000
3534010,2775,96000
3534011,3070,73500
3534020,5310,103000
3534021,18035,75000
3534024,1565,106000
3534030,1475,90000
3534042,1930,76000
3536020,42760,71000
3537001,NA,NA
3537003,10415,78500
3537013,8095,93000
3537016,8240,87000
3537028,9075,1e+05
3537034,11595,118000
3537039,93855,70500
3537048,8905,109000
3537064,14035,114000
3538003,5665,98000
3538007,545,75500
3538015,740,71500
3538016,875,93000
3538018,265,92000
3538019,2455,87000
3538030,32030,78000
3538031,940,84000
3538035,2960,108000
3538040,5135,80000
3538043,1215,86000
3539002,190,75500
3539005,2205,78500
3539015,9300,88000
3539027,4880,113000
3539033,6300,126000
3539036,173520,77000
3539041,2075,90000
3539047,860,105000
3539060,1970,105000
3540005,4155,77500
3540010,3090,84000
3540025,2990,79000
3540028,3660,69500
3540040,3340,79000
3540046,1165,79500
3540050,1015,88000
3540055,2055,75000
3540063,2060,75000
3541004,1910,85000
3541015,2845,93000
3541024,4940,102000
3541032,3685,82000
3541043,2545,77000
3541045,6845,103000
3541055,4010,69500
3541069,2155,73500
3542004,4880,78000
3542005,2710,85000
3542015,3710,84000
3542029,3440,69000
3542037,2500,81000
3542045,4255,103000
3542047,4820,79500
3542053,4310,94000
3542059,9870,63600
3543003,3745,118000
3543005,5390,97000
3543007,15750,105000
3543009,7345,124000
3543014,13335,115000
3543015,5705,95000
3543017,15600,101000
3543019,4315,86000
3543021,7815,108000
3543023,8440,115000
3543031,11150,82000
3543042,55155,93000
3543052,14370,70000
3543064,10780,76500
3543068,5365,88000
3543071,4500,82000
3543072,3960,74500
3543074,7825,69500
3544002,5470,73500
3544018,7190,85000
3544027,1750,90000
3544042,8755,84000
3544053,3495,89000
3544065,1645,78500
3546005,1850,65000
3546015,3195,72000
3546018,1270,84000
3546024,3330,76500
3547002,4290,75500
3547003,2975,99000
3547008,1330,79500
3547020,655,56000
3547030,1695,63600
3547033,1080,65500
3547035,1675,69500
3547043,1000,88000
3547046,1260,90000
3547048,3950,60400
3547056,2725,79500
3547064,6530,63200
3547070,1230,78000
3547075,3630,94000
3547076,6745,102000
3547090,1250,94000
3547096,1855,95000
3547098,NA,NA
3548001,530,58800
3548013,415,75500
3548019,NA,NA
3548021,855,51600
3548022,215,78000
3548027,880,77500
3548031,505,76000
3548034,1880,110000
3548044,23405,72500
3548055,6290,69500
3548069,435,66500
3548091,NA,NA
3548094,730,70000
3549003,2110,91000
3549005,490,74000
3549012,415,61600
3549014,1130,73000
3549018,455,67000
3549019,665,70000
3549022,460,60000
3549024,330,66000
3549028,675,73500
3549031,1155,91000
3549032,3190,62400
3549036,700,94000
3549039,530,67000
3549043,800,61200
3549046,635,72000
3549048,440,62400
3549051,NA,NA
3549054,465,68000
3549056,475,65000
3549060,1290,80000
3549066,1630,103000
3549071,720,83000
3549095,NA,NA
3549096,1245,61200
3551001,225,56400
3551006,1025,64000
3551011,425,84000
3551017,1165,73000
3551021,320,81000
3551026,425,67000
3551027,250,66500
3551028,155,68500
3551034,NA,NA
3551094,NA,NA
3552001,1360,70500
3552004,610,76500
3552013,1095,82000
3552023,1350,68000
3552026,2300,79500
3552028,240,88000
3552031,155,89000
3552036,170,75000
3552092,850,79500
3552093,1370,82000
3553005,71160,85000
3554001,205,89000
3554006,155,56000
3554008,455,56400
3554014,205,117000
3554020,4230,72000
3554021,225,86000
3554024,75,65000
3554026,170,95000
3554029,120,89000
3554032,NA,NA
3554034,NA,NA
3554036,470,72000
3554038,NA,NA
3554042,185,71000
3554044,240,90000
3554049,185,113000
3554052,685,66000
3554054,NA,NA
3554056,NA,NA
3554058,285,54000
3554062,370,70500
3554066,NA,NA
3554068,3745,63600
3554091,NA,NA
3554094,1325,81000
3556014,1030,80000
3556027,17795,82000
3556031,1960,74000
3556042,2305,77500
3556048,580,64000
3556052,215,64000
3556056,515,92000
3556066,3775,69000
3556070,310,95000
3556073,NA,NA
3556076,2235,77000
3556077,260,67500
3556091,NA,NA
3556092,1030,94000
3556098,NA,NA
3556106,480,93000
3557001,165,83000
3557004,140,83000
3557006,NA,NA
3557008,575,83000
3557011,455,1e+05
3557014,245,102000
3557016,215,68000
3557019,315,53600
3557021,275,67500
3557028,555,65000
3557035,805,69000
3557038,1590,60000
3557039,275,39200
3557040,265,69000
3557041,5810,50400
3557051,570,97000
3557061,32410,73000
3557066,400,120000
3557076,1210,81000
3557079,245,94000
3557091,295,94000
3557094,NA,NA
3557095,2745,76000
3557096,440,103000
3558001,910,93000
3558004,48215,78000
3558011,2260,106000
3558012,165,87000
3558016,275,104000
3558019,295,116000
3558028,1410,111000
3558034,175,83000
3558041,415,74500
3558044,665,76000
3558051,490,83000
3558054,710,84000
3558059,1410,84000
3558066,915,73000
3558075,1905,77500
3558090,2760,81000
3559001,1255,68500
3559011,335,99000
3559012,3440,76500
3559016,315,99000
3559019,470,88000
3559024,250,102000
3559031,145,91000
3559040,170,74500
3559042,365,73500
3559047,NA,NA
3559090,545,104000
3560001,550,81000
3560008,250,77000
3560010,6495,86000
3560021,440,82000
3560027,3315,82000
3560032,465,94000
3560034,2330,102000
3560042,1705,112000
3560049,165,67500
3560090,3230,86000
4601035,520,57200
4601039,760,52400
4601043,560,77500
4601046,585,73000
4601051,705,85000
4601057,1420,88000
4601060,590,73500
4601071,1825,71000
4601075,540,62400
4601078,230,71500
4601094,640,84000
4602024,805,64500
4602032,1100,90000
4602037,505,72500
4602041,4885,88000
4602044,6830,72500
4602046,1975,102000
4602053,2000,83000
4602057,1915,86000
4602061,1145,70500
4602069,3905,109000
4602075,2675,109000
4603030,450,67500
4603040,1700,72000
4603041,1495,80000
4603047,2075,90000
4603050,5075,70500
4603053,3990,71500
4603058,365,69000
4603062,360,80000
4603065,820,92000
4603067,825,70000
4603072,610,92000
4603074,1400,68000
4604034,790,69000
4604040,655,61600
4604052,285,53600
4604057,305,65500
4604064,920,75500
4605025,1355,67500
4605032,915,66500
4605038,625,74000
4605044,235,63200
4605052,465,81000
4605056,290,59600
4605062,460,68500
4605071,590,71000
4606016,410,65500
4606023,500,77500
4606031,845,84000
4606034,1400,74500
4607039,380,67500
4607046,545,93000
4607052,1005,73500
4607057,570,99000
4607060,1640,98000
4607062,21155,76500
4607066,755,95000
4607068,790,64500
4607071,410,107000
4607076,640,83000
4608032,555,77000
4608042,390,80000
4608046,1225,72500
4608055,305,62400
4608060,915,58000
4609018,775,67000
4609024,1955,92000
4609029,5630,69000
4610035,2625,136000
4610043,785,101000
4610052,470,116000
4611040,299745,80000
4611042,1295,139000
4612047,5675,116000
4612054,1935,94000
4612056,1475,70000
4613032,3450,143000
4613037,2220,123000
4613043,4345,107000
4613047,4415,68000
4613049,495,65500
4613056,4545,97000
4614015,360,96000
4614031,1240,87000
4614036,2565,105000
4614039,2045,95000
4614042,545,69000
4615020,1855,86000
4615032,645,73500
4615037,485,69000
4615047,270,89000
4615056,675,74000
4615063,790,64500
4615070,835,69500
4615074,355,107000
4615075,1205,68500
4615078,405,49600
4615092,425,66500
4616005,370,69000
4616020,515,85000
4616030,1085,72000
4616048,1245,54800
4617026,410,57600
4617035,315,64500
4617041,655,58000
4617048,770,85000
4617050,3770,60800
4617054,530,57600
4617058,575,52000
4617064,270,36800
4617072,560,54000
4617075,415,67500
4617092,NA,NA
4618031,3095,71500
4618034,755,64000
4618037,720,64000
4618040,635,60000
4618044,500,71000
4618056,855,59600
4618060,495,55600
4618068,560,59600
4618074,515,65000
4618076,1060,72000
4618091,NA,NA
4618093,NA,NA
4619045,1120,62800
4620032,140,55200
4620042,900,74000
4620048,1820,60000
4620051,640,60400
4620055,225,39600
4620066,NA,NA
4620069,NA,NA
4621025,NA,NA
4621045,2155,84000
4621052,820,112000
4621064,2280,79500
4621071,475,114000
4621078,735,1e+05
4622017,NA,NA
4622026,4660,97000
4622046,755,82000
4623022,350,143000
4623034,105,78000
4623047,195,73000
4623056,385,81000
4623062,NA,NA
4701001,85,73000
4701002,NA,NA
4701004,NA,NA
4701006,125,49600
4701008,430,81000
4701011,110,93000
4701012,NA,NA
4701014,495,111000
4701016,NA,NA
4701017,NA,NA
4701018,NA,NA
4701019,NA,NA
4701021,260,94000
4701022,420,145000
4701024,4605,93000
4701027,125,105000
4701031,125,1e+05
4701032,260,80000
4701036,50,99000
4701037,160,94000
4701039,80,64500
4701041,NA,NA
4701043,65,84000
4701044,NA,NA
4701047,100,83000
4701049,440,73000
4701053,125,84000
4701054,135,72500
4701056,620,90000
4701058,NA,NA
4701059,275,112000
4701061,NA,NA
4701063,70,73500
4701064,NA,NA
4701066,290,75500
4701067,NA,NA
4701069,75,72500
4701072,NA,NA
4701076,225,88000
4701077,NA,NA
4701078,250,61600
4701079,NA,NA
4701091,40,105000
4701094,75,77000
4701096,130,76500
4701098,NA,NA
4702001,75,98000
4702002,NA,NA
4702006,NA,NA
4702008,NA,NA
4702011,60,66000
4702014,NA,NA
4702016,NA,NA
4702018,NA,NA
4702023,170,60400
4702024,50,62400
4702026,NA,NA
4702028,NA,NA
4702029,45,76500
4702031,325,67000
4702033,65,59200
4702036,NA,NA
4702037,185,83000
4702038,NA,NA
4702039,195,89000
4702041,105,79500
4702042,105,97000
4702044,310,115000
4702047,4655,80000
4702048,NA,NA
4702051,65,58400
4702052,NA,NA
4702054,NA,NA
4702057,NA,NA
4702058,145,60000
4702061,NA,NA
4702062,170,98000
4702066,NA,NA
4702067,260,89000
4702069,NA,NA
4702071,NA,NA
4702072,185,77000
4702073,75,78000
4702076,NA,NA
4702077,NA,NA
4702078,125,84000
4702079,NA,NA
4703001,NA,NA
4703004,275,71000
4703006,NA,NA
4703009,200,50000
4703011,NA,NA
4703012,NA,NA
4703016,NA,NA
4703018,NA,NA
4703019,NA,NA
4703022,50,59600
4703026,80,69000
4703028,165,51600
4703029,50,62000
4703034,65,101000
4703036,1070,66000
4703038,85,97000
4703041,NA,NA
4703042,145,85000
4703044,180,51200
4703048,50,93000
4703051,NA,NA
4703052,NA,NA
4703054,NA,NA
4703058,240,59600
4703059,85,66500
4703061,NA,NA
4703062,NA,NA
4703064,NA,NA
4703068,55,74000
4703071,435,79500
4703074,NA,NA
4703092,185,59600
4703093,NA,NA
4703096,NA,NA
4704002,NA,NA
4704003,NA,NA
4704006,NA,NA
4704008,NA,NA
4704009,NA,NA
4704011,NA,NA
4704012,170,71000
4704019,70,50000
4704021,NA,NA
4704024,50,98000
4704026,270,60400
4704028,NA,NA
4704029,NA,NA
4704034,85,75500
4704036,795,74500
4704038,NA,NA
4704045,185,53200
4704048,985,69000
4704050,NA,NA
4704054,NA,NA
4704058,75,54400
4704061,150,87000
4705001,195,113000
4705002,NA,NA
4705004,1100,79000
4705007,NA,NA
4705009,105,116000
4705011,75,112000
4705014,90,70000
4705016,460,74500
4705018,55,67000
4705019,NA,NA
4705021,NA,NA
4705024,395,64000
4705027,90,55600
4705028,80,78500
4705029,480,57600
4705031,255,54400
4705033,NA,NA
4705034,410,72000
4705037,120,139000
4705038,390,111000
4705041,75,99000
4705042,NA,NA
4705043,NA,NA
4705044,NA,NA
4705047,145,134000
4705048,510,84000
4705049,NA,NA
4705050,NA,NA
4705051,220,106000
4705052,1065,83000
4705053,NA,NA
4705054,NA,NA
4705055,NA,NA
4705056,140,63200
4705057,165,107000
4705058,NA,NA
4705059,NA,NA
4705060,NA,NA
4705061,NA,NA
4705062,NA,NA
4705063,85,55600
4705064,140,48000
4705066,135,77000
4705067,120,80000
4705068,NA,NA
4705069,NA,NA
4705071,NA,NA
4705073,245,1e+05
4705074,2065,67500
4705077,175,77500
4705078,215,65000
4705079,155,65500
4705093,150,98000
4705094,390,101000
4705096,NA,NA
4706001,45,58000
4706002,220,59200
4706003,NA,NA
4706004,150,104000
4706006,NA,NA
4706007,180,88000
4706008,115,83000
4706009,NA,NA
4706011,310,86000
4706013,70,101000
4706014,NA,NA
4706016,NA,NA
4706017,200,94000
4706018,NA,NA
4706019,NA,NA
4706021,80,126000
4706022,NA,NA
4706023,210,126000
4706026,235,111000
4706027,91685,88000
4706028,200,124000
4706029,1365,149000
4706030,1175,174000
4706031,965,120000
4706032,620,128000
4706033,NA,NA
4706034,360,112000
4706036,265,74500
4706037,150,72500
4706038,85,125000
4706039,835,75500
4706041,NA,NA
4706042,105,74500
4706045,NA,NA
4706046,NA,NA
4706047,275,56000
4706048,385,105000
4706049,NA,NA
4706050,265,99000
4706051,850,65000
4706052,NA,NA
4706053,625,137000
4706054,NA,NA
4706055,275,113000
4706056,695,105000
4706057,NA,NA
4706058,625,81000
4706059,120,95000
4706060,NA,NA
4706061,210,73500
4706062,NA,NA
4706063,85,90000
4706064,NA,NA
4706065,NA,NA
4706067,NA,NA
4706068,NA,NA
4706069,NA,NA
4706070,315,102000
4706071,350,106000
4706072,145,96000
4706073,NA,NA
4706074,390,50400
4706075,NA,NA
4706076,NA,NA
4706077,NA,NA
4706078,120,89000
4706079,NA,NA
4706080,NA,NA
4706081,NA,NA
4706082,NA,NA
4706085,NA,NA
4706091,115,89000
4706092,325,81000
4706093,NA,NA
4706094,245,60000
4706096,105,41600
4706097,NA,NA
4706098,150,54800
4706099,NA,NA
4707001,155,92000
4707004,NA,NA
4707006,NA,NA
4707008,NA,NA
4707011,NA,NA
4707012,NA,NA
4707014,NA,NA
4707016,NA,NA
4707018,120,80000
4707020,NA,NA
4707021,125,80000
4707022,130,68500
4707023,NA,NA
4707024,60,75000
4707026,310,61600
4707027,NA,NA
4707028,NA,NA
4707029,NA,NA
4707031,NA,NA
4707032,NA,NA
4707034,120,55200
4707036,180,112000
4707037,335,79000
4707038,450,109000
4707039,14680,74500
4707042,115,126000
4707043,NA,NA
4707044,NA,NA
4707045,NA,NA
4707047,NA,NA
4707048,NA,NA
4707049,NA,NA
4707051,NA,NA
4707053,45,92000
4707054,205,65000
4707058,NA,NA
4707059,NA,NA
4707062,NA,NA
4707063,80,76000
4707066,NA,NA
4707067,120,71000
4707068,NA,NA
4707071,NA,NA
4707072,NA,NA
4707074,NA,NA
4707076,NA,NA
4707077,NA,NA
4707091,85,81000
4707092,205,66500
4707093,NA,NA
4708001,605,97000
4708004,7180,79000
4708006,NA,NA
4708008,NA,NA
4708009,NA,NA
4708011,400,80000
4708012,NA,NA
4708016,NA,NA
4708018,NA,NA
4708021,NA,NA
4708022,NA,NA
4708024,NA,NA
4708026,115,66000
4708028,NA,NA
4708029,NA,NA
4708031,75,79500
4708032,205,52400
4708034,NA,NA
4708036,NA,NA
4708038,105,90000
4708039,NA,NA
4708042,145,110000
4708044,210,50400
4708046,NA,NA
4708048,NA,NA
4708049,NA,NA
4708053,NA,NA
4708054,NA,NA
4708056,60,93000
4708057,NA,NA
4708058,355,91000
4708059,NA,NA
4708061,NA,NA
4708062,125,86000
4708065,55,86000
4708068,205,85000
4708071,NA,NA
4708074,105,81000
4708076,430,65500
4708092,85,79000
4708094,200,92000
4709001,95,59200
4709002,NA,NA
4709006,270,87000
4709009,NA,NA
4709011,645,93000
4709012,6965,76000
4709014,NA,NA
4709016,200,62000
4709019,105,55600
4709023,75,61200
4709024,NA,NA
4709028,175,61600
4709029,335,75000
4709032,980,55200
4709033,155,52800
4709037,205,78500
4709038,NA,NA
4709039,790,59600
4709042,NA,NA
4709044,150,36400
4709046,155,84000
4709049,125,45600
4709053,NA,NA
4709054,NA,NA
4709056,NA,NA
4709058,NA,NA
4709060,145,44400
4709061,NA,NA
4709062,240,56800
4709064,490,56400
4709065,NA,NA
4709066,305,61200
4709067,155,68000
4709069,NA,NA
4709071,NA,NA
4709072,185,44400
4709075,70,48000
4709076,NA,NA
4710002,NA,NA
4710003,85,45200
4710004,355,46800
4710008,130,46000
4710009,NA,NA
4710011,NA,NA
4710014,75,93000
4710022,NA,NA
4710024,140,71500
4710027,245,72500
4710028,NA,NA
4710029,NA,NA
4710031,125,50800
4710034,NA,NA
4710035,NA,NA
4710036,150,56400
4710038,545,58000
4710041,120,75500
4710043,NA,NA
4710046,145,96000
4710047,805,64000
4710052,NA,NA
4710054,NA,NA
4710056,140,94000
4710058,195,101000
4710061,85,80000
4710062,330,59600
4710064,170,58400
4710066,110,72500
4710068,605,59600
4710071,255,91000
4710072,NA,NA
4711002,NA,NA
4711003,95,54800
4711004,NA,NA
4711006,NA,NA
4711007,NA,NA
4711008,170,66000
4711009,NA,NA
4711011,55,99000
4711014,465,61200
4711016,NA,NA
4711018,75,81000
4711019,180,76000
4711021,NA,NA
4711022,NA,NA
4711024,NA,NA
4711026,90,85000
4711027,995,76500
4711028,NA,NA
4711029,NA,NA
4711031,75,105000
4711032,245,69500
4711034,55,66000
4711036,125,86000
4711038,NA,NA
4711039,NA,NA
4711041,NA,NA
4711042,NA,NA
4711044,180,53600
4711046,125,75000
4711048,NA,NA
4711049,575,98000
4711052,85,95000
4711053,850,78500
4711054,210,48000
4711056,125,54000
4711058,NA,NA
4711059,NA,NA
4711060,NA,NA
4711061,585,146000
4711063,265,93000
4711064,135,131000
4711065,2775,122000
4711066,106525,85000
4711067,555,93000
4711068,4140,121000
4711069,680,103000
4711070,3620,118000
4711071,NA,NA
4711072,280,83000
4711073,615,110000
4711075,420,90000
4711076,70,89000
4711077,145,111000
4711078,NA,NA
4711079,170,97000
4711091,60,77500
4711092,NA,NA
4711094,NA,NA
4711096,130,114000
4712001,NA,NA
4712004,90,90000
4712006,1110,78500
4712008,NA,NA
4712011,NA,NA
4712012,NA,NA
4712014,NA,NA
4712016,135,61200
4712019,NA,NA
4712020,125,90000
4712022,NA,NA
4712026,170,88000
4712029,NA,NA
4712031,NA,NA
4712032,NA,NA
4712034,45,58000
4712038,NA,NA
4712042,160,78000
4712046,940,73000
4712050,80,114000
4712051,175,84000
4712052,NA,NA
4712054,1025,102000
4712056,425,87000
4712058,195,91000
4712059,245,76500
4712064,130,54000
4712069,NA,NA
4712072,NA,NA
4712078,320,88000
4712079,1755,91000
4713002,NA,NA
4713004,NA,NA
4713006,245,89000
4713008,1805,89000
4713009,NA,NA
4713011,NA,NA
4713014,NA,NA
4713016,NA,NA
4713019,NA,NA
4713021,NA,NA
4713022,NA,NA
4713024,NA,NA
4713026,NA,NA
4713028,55,81000
4713029,NA,NA
4713031,NA,NA
4713032,NA,NA
4713038,NA,NA
4713039,NA,NA
4713041,55,93000
4713042,410,80000
4713044,285,74000
4713046,NA,NA
4713049,150,108000
4713051,495,82000
4713053,NA,NA
4713054,NA,NA
4713056,80,66000
4713059,NA,NA
4713062,NA,NA
4713064,NA,NA
4713067,NA,NA
4713068,85,81000
4713069,510,80000
4713072,90,107000
4713074,1045,85000
4713076,NA,NA
4713078,NA,NA
4713079,145,78000
4713091,120,66500
4713092,85,48400
4713094,155,60400
4713096,95,103000
4713098,230,70000
4714001,425,76500
4714004,690,60000
4714006,185,65500
4714007,380,64000
4714009,NA,NA
4714021,110,93000
4714022,445,53600
4714023,105,42800
4714024,NA,NA
4714025,NA,NA
4714026,90,108000
4714028,NA,NA
4714030,NA,NA
4714032,320,57200
4714034,140,45600
4714035,195,88000
4714036,NA,NA
4714038,280,58400
4714039,NA,NA
4714041,NA,NA
4714043,280,102000
4714044,1380,67000
4714047,220,85000
4714048,NA,NA
4714049,180,60000
4714051,2565,71500
4714053,210,70500
4714056,125,75500
4714058,NA,NA
4714059,75,77500
4714061,NA,NA
4714062,NA,NA
4714067,220,85000
4714068,NA,NA
4714069,430,78000
4714072,315,78500
4714073,NA,NA
4714074,NA,NA
4714076,1925,66500
4714077,395,76000
4714079,180,46800
4714091,NA,NA
4714092,175,52800
4714093,NA,NA
4715001,190,78500
4715002,110,106000
4715003,NA,NA
4715004,170,67000
4715005,NA,NA
4715006,100,94000
4715007,305,98000
4715008,2490,82000
4715011,100,88000
4715012,290,54400
4715014,155,84000
4715016,NA,NA
4715017,165,88000
4715018,440,168000
4715019,250,96000
4715026,325,113000
4715027,300,88000
4715028,425,84000
4715029,115,65000
4715031,615,99000
4715032,645,80000
4715034,350,89000
4715036,100,68000
4715038,NA,NA
4715039,220,94000
4715041,330,56400
4715042,415,48400
4715043,NA,NA
4715044,145,83000
4715045,NA,NA
4715046,NA,NA
4715047,NA,NA
4715048,130,102000
4715049,265,111000
4715051,175,91000
4715052,NA,NA
4715054,175,54000
4715057,335,93000
4715059,170,71500
4715061,290,123000
4715062,185,66500
4715064,940,92000
4715066,14260,75000
4715067,190,111000
4715068,445,70000
4715070,590,84000
4715071,200,76500
4715072,NA,NA
4715074,265,68500
4715075,605,97000
4715076,110,79000
4715079,205,109000
4715085,NA,NA
4715091,NA,NA
4715092,NA,NA
4715094,1175,106000
4715098,NA,NA
4715099,380,78000
4716002,NA,NA
4716003,NA,NA
4716004,NA,NA
4716005,80,99000
4716008,95,66500
4716009,230,44400
4716011,130,89000
4716013,95,83000
4716014,NA,NA
4716016,250,55200
4716018,70,1e+05
4716019,NA,NA
4716022,190,51200
4716023,85,75500
4716024,NA,NA
4716026,NA,NA
4716027,NA,NA
4716028,170,115000
4716029,5680,74500
4716033,90,46400
4716038,70,49200
4716041,210,65500
4716042,175,53600
4716043,NA,NA
4716044,NA,NA
4716046,495,97000
4716047,670,68500
4716051,415,74500
4716052,165,51600
4716053,NA,NA
4716054,135,54400
4716056,345,60800
4716057,NA,NA
4716058,445,77000
4716059,NA,NA
4716060,NA,NA
4716061,170,54800
4716062,135,60000
4716063,NA,NA
4716072,345,67500
4716075,415,78000
4716077,NA,NA
4717001,380,93000
4717002,NA,NA
4717004,NA,NA
4717005,NA,NA
4717006,155,88000
4717008,65,65500
4717011,230,56400
4717013,NA,NA
4717014,NA,NA
4717017,200,97000
4717018,460,85000
4717019,NA,NA
4717022,380,108000
4717024,320,108000
4717026,195,74000
4717028,640,126000
4717029,4445,86000
4717032,285,85000
4717034,190,96000
4717036,310,59600
4717039,NA,NA
4717041,235,76000
4717042,NA,NA
4717045,645,76500
4717047,195,77000
4717048,180,49600
4717052,1920,86000
4717053,NA,NA
4717054,785,95000
4717055,NA,NA
4717056,255,62800
4717057,NA,NA
4717058,120,42800
4717062,360,71000
4717066,NA,NA
4717067,255,77500
4718005,205,64000
4718012,NA,NA
4718015,NA,NA
4718021,215,65500
4718023,NA,NA
4718028,NA,NA
4718030,NA,NA
4718033,290,90000
4718041,910,97000
4718042,470,105000
4718049,290,94000
4718051,545,87000
4718052,NA,NA
4718055,NA,NA
4718058,160,82000
4718065,265,76500
4718067,450,69000
4718069,NA,NA
4718070,275,110000
4718071,NA,NA
4718072,NA,NA
4718074,725,71500
4718075,NA,NA
4718089,NA,NA
4718090,625,86000
4718100,NA,NA
4801003,2310,102000
4801006,27120,78000
4801008,585,80000
4801009,215,97000
4801014,670,78000
4801018,2180,83000
4802001,680,95000
4802002,NA,NA
4802004,400,68500
4802006,165,48400
4802008,1325,84000
4802009,335,91000
4802011,2410,1e+05
4802012,40070,82000
4802013,1020,92000
4802014,440,86000
4802016,130,60000
4802018,680,82000
4802019,3230,91000
4802021,1625,87000
4802022,3340,82000
4802023,260,99000
4802029,430,71500
4802031,1915,91000
4802034,5095,92000
4802036,385,86000
4802038,130,90000
4802039,535,69500
4803001,845,83000
4803002,810,82000
4803003,NA,NA
4803004,1250,79500
4803006,105,65000
4803008,NA,NA
4803011,960,81000
4803014,1520,71500
4803016,NA,NA
4803018,1335,75500
4803019,1320,74500
4803022,1700,70000
4803024,285,65500
4803026,950,75500
4804001,120,60800
4804004,360,88000
4804006,NA,NA
4804011,1100,75000
4804012,230,55600
4804014,335,72500
4804019,NA,NA
4804020,250,82000
4804021,NA,NA
4804022,265,79500
4805001,895,79000
4805002,NA,NA
4805004,170,60000
4805006,805,65000
4805008,NA,NA
4805009,NA,NA
4805011,NA,NA
4805012,2330,96000
4805018,5490,91000
4805019,NA,NA
4805021,145,81000
4805022,140,80000
4805026,3180,74000
4805031,385,64500
4805034,NA,NA
4805036,NA,NA
4805038,NA,NA
4805041,1345,91000
4805042,220,68500
4805044,265,72500
4805046,295,66000
4805048,1155,72000
4805049,425,80000
4806001,7780,137000
4806006,5780,82000
4806008,135,69000
4806009,1065,87000
4806011,1170,76000
4806012,10450,117000
4806014,13190,153000
4806016,499855,99000
4806017,6730,136000
4806019,12060,113000
4806021,26260,110000
4806022,470,95000
4806024,305,77000
4806026,1325,105000
4806028,3985,94000
4806029,1830,101000
4806031,190,70000
4806032,2040,78000
4806034,3800,82000
4806036,1180,77000
4807001,575,75500
4807002,765,81000
4807004,NA,NA
4807006,NA,NA
4807008,NA,NA
4807011,345,96000
4807012,395,68500
4807014,385,60000
4807016,NA,NA
4807019,1460,86000
4807021,125,50800
4807026,2380,76500
4807027,NA,NA
4807028,NA,NA
4807029,NA,NA
4807031,965,92000
4807032,NA,NA
4807036,370,67500
4807038,NA,NA
4807039,345,70000
4807042,400,88000
4807044,355,80000
4807046,NA,NA
4807048,230,90000
4807049,1110,110000
4807051,145,61200
4807052,170,68000
4807054,2660,85000
4807056,205,77000
4808001,6415,97000
4808002,165,59200
4808004,375,77500
4808005,NA,NA
4808006,585,70000
4808008,3350,76500
4808009,1325,99000
4808011,40355,85000
4808012,6375,93000
4808013,140,98000
4808022,3240,87000
4808023,NA,NA
4808024,415,70000
4808025,NA,NA
4808026,450,64500
4808027,NA,NA
4808028,NA,NA
4808029,3780,103000
4808031,5185,89000
4808032,330,96000
4808034,380,74000
4808038,2930,94000
4808039,3070,77000
4808042,NA,NA
4808044,1100,57600
4809002,3950,87000
4809005,NA,NA
4809010,215,51200
4809015,2685,82000
4810001,2635,90000
4810002,380,53600
4810003,NA,NA
4810006,NA,NA
4810009,180,78000
4810011,8110,76500
4810012,NA,NA
4810014,170,70500
4810016,1825,91000
4810018,805,82000
4810019,225,64500
4810021,170,48800
4810022,430,71000
4810026,795,76500
4810028,2450,70500
4810031,NA,NA
4810034,360,73500
4810036,2275,101000
4810038,NA,NA
4810039,7610,98000
4810041,310,107000
4810042,1680,80000
4810044,240,83000
4810048,835,69500
4810051,NA,NA
4810052,440,68500
4810058,1175,82000
4810059,200,56400
4810061,295,68000
4810062,NA,NA
4810064,680,86000
4810066,515,97000
4810068,NA,NA
4811001,3760,91000
4811002,5150,70000
4811003,NA,NA
4811004,NA,NA
4811005,NA,NA
4811006,NA,NA
4811007,NA,NA
4811008,NA,NA
4811009,NA,NA
4811011,795,77000
4811012,4645,110000
4811013,6920,131000
4811016,12930,101000
4811018,2490,95000
4811019,915,84000
4811020,NA,NA
4811021,405,84000
4811022,NA,NA
4811023,NA,NA
4811024,275,63200
4811026,260,53600
4811031,2890,88000
4811032,2620,96000
4811034,11480,117000
4811038,NA,NA
4811039,NA,NA
4811041,NA,NA
4811042,NA,NA
4811044,NA,NA
4811046,285,124000
4811048,7115,91000
4811049,14250,106000
4811052,36765,124000
4811056,10390,113000
4811059,6515,125000
4811061,394485,91000
4811062,25890,118000
4811064,1235,106000
4811065,855,84000
4811066,555,1e+05
4811068,3750,109000
4811069,455,103000
4812002,6100,105000
4812004,4290,115000
4812009,2530,86000
4812011,NA,NA
4812012,150,82000
4812013,NA,NA
4812014,2060,89000
4812016,605,83000
4812018,2260,80000
4812020,NA,NA
4812022,1240,69500
4812024,NA,NA
4812026,NA,NA
4812029,435,59200
4812037,2805,96000
4812038,NA,NA
4813001,3800,89000
4813002,505,73500
4813003,NA,NA
4813005,NA,NA
4813006,NA,NA
4813007,NA,NA
4813008,NA,NA
4813009,NA,NA
4813010,NA,NA
4813011,100,130000
4813012,415,90000
4813013,NA,NA
4813014,360,84000
4813015,NA,NA
4813016,NA,NA
4813017,NA,NA
4813018,1725,80000
4813019,1830,68000
4813028,2145,87000
4813029,1590,108000
4813030,3855,101000
4813031,2135,63200
4813032,180,73500
4813033,NA,NA
4813036,1115,70500
4813044,2350,91000
4813045,NA,NA
4813046,365,75000
4813047,NA,NA
4813048,1150,80000
4813049,NA,NA
4813051,NA,NA
4813053,NA,NA
4813055,NA,NA
4813057,NA,NA
4813061,NA,NA
4814003,3780,92000
4814019,3980,105000
4814024,3385,98000
4814028,NA,NA
4815007,2750,79500
4815013,NA,NA
4815015,600,111000
4815023,6775,107000
4815027,NA,NA
4815030,NA,NA
4815032,NA,NA
4815033,1675,97000
4815035,2925,88000
4815037,NA,NA
4815045,NA,NA
4816037,25895,184000
4816051,115,70500
4817021,955,90000
4817024,485,95000
4817026,570,106000
4817027,1825,70000
4817029,2400,111000
4817031,1065,86000
4817033,1085,106000
4817039,175,93000
4817062,640,70000
4817064,135,71000
4817076,1350,94000
4817078,470,93000
4817093,1310,1e+05
4817095,3095,90000
4817097,205,174000
4818002,650,128000
4818015,2950,96000
4818018,660,86000
4819006,7630,122000
4819008,275,77000
4819009,920,91000
4819011,550,109000
4819012,24730,102000
4819014,855,109000
4819038,2585,101000
4819041,465,92000
4819042,235,92000
4819044,205,86000
4819046,400,70000
4819048,NA,NA
4819049,350,61200
4819054,200,90000
4819056,235,60000
4819058,390,86000
4819059,600,87000
4819066,495,96000
4819068,1205,78000
4819071,470,95000
4819072,240,86000
4819074,1075,87000
5901003,1160,128000
5901006,1815,111000
5901012,2595,103000
5901017,760,109000
5901019,830,82000
5901022,8765,80000
5901028,3590,81000
5901035,2555,1e+05
5901037,735,78500
5901039,1650,80000
5901040,630,88000
5901043,360,81000
5901046,1580,84000
5901048,725,90000
5903004,2655,58000
5903010,1065,60400
5903011,570,54800
5903013,1835,64000
5903015,4940,72500
5903017,590,64500
5903019,155,48000
5903023,525,55600
5903027,NA,NA
5903032,255,41600
5903039,715,56800
5903041,1760,69500
5903043,1760,90000
5903045,3545,81000
5903047,735,62800
5903050,760,65000
5903052,2245,59600
5903056,1110,78000
5903058,1445,99000
5903060,855,62000
5905005,860,86000
5905009,430,76500
5905014,3730,68000
5905018,795,89000
5905023,1795,96000
5905026,685,102000
5905030,655,80000
5905032,1865,61600
5905037,320,56800
5905042,375,48000
5905050,790,74000
5905052,1350,70000
5905054,1330,55600
5907005,2640,65000
5907009,800,48800
5907014,2300,71000
5907022,830,81000
5907024,1375,65000
5907026,375,52000
5907028,1515,67000
5907035,4940,81000
5907041,17280,68000
5907047,1815,80000
5907048,950,86000
5907049,855,90000
5907051,790,103000
5907053,1075,50800
5907055,1040,76000
5909009,2930,65500
5909014,260,44000
5909016,370,60000
5909020,35135,84000
5909027,880,76500
5909032,2280,77500
5909034,680,111000
5909035,1120,78000
5909036,660,72500
5909048,540,72000
5909052,52355,90000
5909056,14005,98000
5909060,525,78500
5909062,600,75500
5915001,46245,108000
5915002,12580,76500
5915004,184935,98000
5915007,10685,73000
5915011,37860,108000
5915015,80740,79000
5915020,7560,62800
5915022,303730,82000
5915025,100625,83000
5915029,35975,82000
5915034,55665,93000
5915036,265,152000
5915038,745,160000
5915039,22810,102000
5915043,13080,115000
5915046,32605,124000
5915051,27200,87000
5915055,17595,106000
5915062,1705,112000
5915065,505,148000
5915070,7315,103000
5915075,32975,104000
5917005,4975,120000
5917010,5975,77500
5917015,6965,102000
5917021,47775,94000
5917027,5005,78500
5917029,3145,64500
5917030,7780,108000
5917034,49045,67500
5917040,8545,76000
5917041,7410,102000
5917042,1810,102000
5917044,18985,94000
5917047,4905,98000
5917049,985,113000
5917052,6105,90000
5917054,2145,90000
5917056,NA,NA
5919008,13630,79000
5919012,2445,53600
5919013,1480,88000
5919015,1075,80000
5919016,1490,71500
5919017,1095,86000
5919021,3915,81000
5919033,760,68500
5919035,695,68500
5919043,2015,95000
5919046,3420,1e+05
5919049,2150,91000
5919051,1560,82000
5921007,43020,76000
5921008,1515,1e+05
5921010,3025,86000
5921014,2355,60800
5921016,1200,1e+05
5921018,6735,66500
5921023,4415,76500
5921030,3050,94000
5921032,3620,67000
5921034,3570,85000
5921036,1980,71000
5923008,8435,63200
5923019,875,78000
5923025,945,89000
5923033,175,76500
5923035,855,83000
5923037,1255,80000
5923039,850,74500
5923047,NA,NA
5923049,320,80000
5924025,610,64500
5924029,NA,NA
5924030,220,42400
5924034,15505,78000
5924039,155,54400
5924042,1715,90000
5924048,410,61600
5924052,555,50800
5924054,1310,61600
5926005,6420,83000
5926010,12985,72000
5926014,1835,84000
5926021,3615,72000
5926022,3090,89000
5926024,3540,85000
5927008,6360,67500
5927010,640,58400
5927012,770,68000
5927016,1005,60000
5927018,600,55600
5927020,280,34800
5929005,2270,70500
5929011,5110,73500
5929018,1560,69500
5929022,1350,74000
5929024,1540,85000
5929026,1605,88000
5929028,1090,79000
5931006,9160,112000
5931012,1350,97000
5931017,795,92000
5931020,5575,99000
5931021,450,108000
5931026,1100,67000
5931032,125,55200
5931034,180,52400
5933006,2965,68500
5933008,720,80000
5933012,255,79000
5933015,NA,NA
5933019,785,66000
5933024,480,52800
5933028,305,53600
5933032,525,58800
5933035,1065,68000
5933037,425,55200
5933039,730,98000
5933042,39790,88000
5933044,1655,91000
5933045,620,92000
5933054,1170,60000
5933060,1215,80000
5933067,1055,61200
5933068,675,60400
5933070,NA,NA
5933072,600,73500
5933074,750,69000
5935010,61710,83000
5935012,1670,99000
5935016,6095,98000
5935018,2675,82000
5935020,1275,84000
5935029,13930,98000
5937005,835,76500
5937010,4020,110000
5937014,19740,73500
5937017,1205,81000
5937021,1675,101000
5937022,1085,84000
5937023,435,49200
5937024,1790,84000
5937028,2210,78500
5937033,1435,58800
5937041,1655,72000
5939007,1735,88000
5939011,1450,82000
5939019,3345,96000
5939023,300,86000
5939032,7970,74500
5939037,3910,73500
5939039,1700,71000
5939043,640,62000
5939044,1540,66000
5939045,1240,69500
5941005,910,52000
5941009,4730,77000
5941010,1185,85000
5941012,1685,92000
5941013,4510,67500
5941014,1900,79500
5941015,2370,69000
5941016,855,55200
5941017,2215,62000
5941019,2555,81000
5941021,1575,79500
5941025,NA,NA
5941026,540,72500
5941027,600,64500
5941039,275,50400
5941041,180,53600
5943008,180,55600
5943012,1015,82000
5943017,415,58800
5943023,1785,70500
5943027,NA,NA
5943031,340,83000
5943033,170,73500
5943037,405,55200
5945006,NA,NA
5945010,315,68500
5945012,210,71000
5945014,NA,NA
5947007,170,102000
5947012,5080,95000
5947016,NA,NA
5947021,NA,NA
5947023,400,63200
5947026,490,62400
5947027,245,72000
5947030,185,61200
5947032,170,83000
5949005,3600,103000
5949011,4850,90000
5949013,1230,97000
5949018,1705,86000
5949020,NA,NA
5949022,NA,NA
5949024,275,62000
5949028,625,62800
5949032,240,85000
5949038,NA,NA
5949039,NA,NA
5949041,NA,NA
5951007,1770,87000
5951009,455,73500
5951013,585,95000
5951015,565,99000
5951017,680,81000
5951019,1125,88000
5951022,690,89000
5951028,685,87000
5951031,570,73500
5951032,195,44800
5951034,1265,87000
5951038,555,94000
5951043,2310,85000
5951051,1985,1e+05
5951053,335,79000
5953007,505,59200
5953012,265,57200
5953019,610,74000
5953023,31705,88000
5953033,1580,87000
5953038,1290,114000
5953042,1335,122000
5953044,1650,113000
5953046,215,74000
5953048,525,81000
5953050,NA,NA
5955003,1095,106000
5955005,315,87000
5955010,980,101000
5955014,5385,81000
5955021,1565,103000
5955023,970,113000
5955025,360,79500
5955030,535,98000
5955034,8760,102000
5955040,1245,94000
5955042,2210,126000
5957022,230,61600
5959007,1680,83000
6001003,490,79500
6001004,210,79000
6001006,NA,NA
6001007,NA,NA
6001008,NA,NA
6001009,11425,112000
6001010,NA,NA
6001012,200,95000
6001018,260,91000
6001022,NA,NA
6001029,760,73500
6001031,NA,NA
6001032,NA,NA
6001036,155,59600
6001037,60,64500
6001039,NA,NA
6001041,45,89000
6001042,NA,NA
6001043,NA,NA
6001044,215,99000
6001045,655,77000
6001046,NA,NA
6001047,NA,NA
6001048,165,67500
6001049,NA,NA
6001050,NA,NA
6001052,NA,NA
6001055,250,81000
6001057,NA,NA
6001058,375,103000
6001059,680,92000
6001060,165,89000
6001065,NA,NA
6101010,NA,NA
6101014,80,107000
6101015,255,70500
6101017,1220,119000
6101025,215,55200
6101036,285,80000
6101041,NA,NA
6101063,NA,NA
6101095,135,80000
6102003,190,99000
6102005,135,103000
6102007,270,157000
6102009,195,86000
6102012,NA,NA
6102063,NA,NA
6103031,460,115000
6103034,145,109000
6103049,80,116000
6103052,NA,NA
6103097,NA,NA
6104005,NA,NA
6104006,NA,NA
6104009,170,67500
6104010,NA,NA
6104013,NA,NA
6104014,255,86000
6104038,450,111000
6104044,NA,NA
6104097,NA,NA
6105001,880,120000
6105003,NA,NA
6105016,1275,129000
6105018,170,74500
6105020,130,105000
6105026,NA,NA
6105097,NA,NA
6106021,NA,NA
6106023,7520,147000
6106097,130,159000
6204001,230,84000
6204003,2710,157000
6204005,115,91000
6204007,360,90000
6204009,395,102000
6204010,165,83000
6204011,195,87000
6204012,395,89000
6204015,260,1e+05
6204018,220,103000
6204019,NA,NA
6204020,365,99000
6204022,NA,NA
6204025,NA,NA
6204030,NA,NA
6205014,225,105000
6205015,630,107000
6205016,120,96000
6205017,825,140000
6205019,115,97000
6205023,575,105000
6205027,220,102000
6205033,NA,NA
6208047,210,99000
6208059,395,83000
6208065,NA,NA
6208068,NA,NA
6208073,570,128000
6208081,290,1e+05
6208087,205,93000
6208098,NA,NA
