Name of Operating Agency,Housing/Shelter/Program Name,Ownership-Type,Housing-Type,Service/Support Model,Affordability Metric,Tenure-Model,Populations/Client Groups Served,# of beds,# of units,Studio,1-bed,2-bed,3-bed,4+-bed,County,Location (by community),CSD code,Referral Method
King's Square Non-Profit Housing Corp,Martha Place,Non-Profit,Affordable (Non-Market),Independent,Subsidized market rental,"Long-term, rental/tenancy",General population,,60,,,,,,Queens,Charlottetown,1102075,Self-referral
King's Square Non-Profit Housing Corp,Bills Lane Rentals,Non-Profit,Affordable (Non-Market),Independent,Subsidized market rental,"Long-term, rental/tenancy",General population,,30,,,,,,Queens,Charlottetown,1102075,Self-referral
King's Square Non-Profit Housing Corp,Martha Lane Rentals,Non-Profit,Affordable (Non-Market),Independent,Subsidized market rental,"Long-term, rental/tenancy",General population,,46,,,,,,Queens,Cornwall,1102085,Self-referral
Boys & Girls Club Prince County,Life House,Non-Profit,Affordable (Non-Market),,Rent Geared to Income (RGI),"Long-term, rental/tenancy",,,24,,6,15,3,,Prince,Summerside,1103025,
Boys & Girls Club Prince County,Life House,Non-Profit,Transitional,Supportive (on-site supports),Rent Geared to Income (RGI),"Short-term, rental/tenancy",,,10,,,8,2,,Prince,Summerside,1103025,
Boys & Girls Club Prince County,Life House,Non-Profit,Transitional,,Rent Geared to Income (RGI),"Short-term, rental/tenancy",,,1,,,1,,,Prince,Summerside,1103025,
Boys & Girls Club Prince County,Life House,Non-Profit,Emergency Shelter,,N/A (shelter - no cost),Short-term,,8,,,,,,,Prince,Summerside,1103025,
John Howard Society ,230 Richmond Street Supportive Housing,Provincial Government,Supportive,,,,,,8,,,,,,Queens,Charlottetown,1102075,
Department of Social Development & Seniors,Beach Grove Supportive Housing,Provincial Government,Supportive,,,,,,20,,,,,,Queens,Charlottetown,1102075,
Salvation Army,New Roots,Provincial Government,Transitional,Supportive (on-site supports),,"Short-term, program-specific",,18,,,,,,,Queens,Charlottetown,1102075,
Salvation Army,Bedford MacDonald House,Non-Profit,Emergency Shelter,,N/A (shelter - no cost),Short-term,Men + Male-Identifying (18+),10,,,,,,,Queens,Charlottetown,1102075,Self-referral
Equality Project,Weymouth Street Housing First Supportive Housing,Provincial Government,Supportive,,,,,,13,,,,,,Queens,Charlottetown,1102075,
Canadian Mental Health Association,CMHA Alberton,Non-Profit,Supportive,,Rent Geared to Income (RGI),,,,10,,,,,,Prince,Alberton,1103052,
Canadian Mental Health Association,CMHA 203 Fitzroy,Non-Profit,Supportive,,Rent Geared to Income (RGI),,,,28,,,,,,Queens,Charlottetown,1102075,
Canadian Mental Health Association,CMHA 40 Kent Street,Non-Profit,Supportive,,Rent Geared to Income (RGI),,,,30,,,,,,Queens,Charlottetown,1102075,
PEI Family Violence Prevention Services,Anderson House,Non-Profit,Emergency Shelter,Supportive (on-site supports),N/A (shelter - no cost),Short-term,Fleeing domestic violence,18,,,,,,,Queens,Charlottetown,1102075,Self-referral
PEI Family Violence Prevention Services,Anderson House,Non-Profit,Affordable (Non-Market),,Rent Geared to Income (RGI),"Long-term, rental/tenancy",Fleeing domestic violence,,9,,4,4,1,,Queens,Charlottetown,1102075,"Internal, program-based"
PEI Family Violence Prevention Services,Anderson House,Non-Profit,Transitional,Supportive (on-site supports),Rent Geared to Income (RGI),"Short-term, program-specific",Fleeing domestic violence,,7,,1,6,,,Queens,Charlottetown,1102075,"Internal, program-based"
PEI Family Violence Prevention Services,Anderson House,Provincial Government,Transitional,Supportive (on-site supports),Rent Geared to Income (RGI),"Short-term, program-specific",Fleeing domestic violence,,1,,,1,,,Kings,Montague,1101045,"Internal, program-based"
PEI Family Violence Prevention Services,Anderson House,Provincial Government,Transitional,Supportive (on-site supports),Rent Geared to Income (RGI),"Short-term, program-specific",Fleeing domestic violence,,1,,,,1,,Prince,Summerside,1103025,"Internal, program-based"
PEI Family Violence Prevention Services,Anderson House,Non-Profit,Transitional,Supportive (on-site supports),Subsidized market rental,"Short-term, program-specific",Fleeing domestic violence,,2,,,,2,,Prince,O’Leary,1103042,"Internal, program-based"
Blooming House Women's Shelter Inc.,Blooming House,Non-Profit,Emergency Shelter,Supportive (on-site supports),N/A (shelter - no cost),Short-term,Women + Female-Indentifying (18+),8,,,,,,,Queens,Charlottetown,1102075,Self-referral
Chief Mary Bernard Memorial Women's Shelter,Chief Mary Bernard Memorial Women's Shelter,Non-Profit,Emergency Shelter,Supportive (on-site supports),N/A (shelter - no cost),Short-term,Women & Children,5,,,,,,,Prince,Lennox Island,1103035,Self-referral
Native Council of PEI,Affordable Housing Initiative,First Nation/Indigenous Housing Provider*,Affordable (Non-Market),,Low-End of Market,"Long-term, rental/tenancy",,,,,1,,1,,Queens,Charlottetown,1102075,Self-referral
Native Council of PEI,Nanegkam Housing,First Nation/Indigenous Housing Provider*,Affordable (Non-Market),,Rent Geared to Income (RGI),"Long-term, rental/tenancy",,,56,,,,,,,,#N/A,
Native Council of PEI,Winter Street Men's Shelter,First Nation/Indigenous Housing Provider*,Emergency Shelter,Supportive (on-site supports),N/A (shelter - no cost),Short-term,Men + Male-Identifying (18+),,,,,,,,Prince,Summerside,1103025,Self-referral
Queens County Residential Services Inc,Life Bridge,Non-Profit,Group Home,,,"Long-term, rental/tenancy",Individuals with disabilities,,7,,,7,,,,,#N/A,
Town of Stratford,Stratford Community Seniors Complex,Local Government,Subsidized Market,,Rent Geared to Income (RGI),"Long-term, rental/tenancy",Seniors,,15,,,,,,Queens,Stratford,1102080,Self-referral
PEI Housing Corp,Park Street Emergency Shelter,Provincial Government,Emergency Shelter,,N/A (shelter - no cost),Short-term,Adults (18+),50,,,,,,,Queens,Charlottetown,1102075,Self-referral
PEI Housing Corp,Summerside Emergency Shelter,Provincial Government,Emergency Shelter,,N/A (shelter - no cost),Short-term,Adults (18+),10,,,,,,,Prince,Summerside,1103025,Self-referral
PEI Housing Corp,Social Housing,Provincial Government,Affordable (Non-Market),Independent,Rent Geared to Income (RGI),"Long-term, rental/tenancy",General population,,734,,,,,,Queens,Charlottetown,1102075,Social Housing Registry + By-Names List/Coordinated Access
PEI Housing Corp,Social Housing,Provincial Government,Affordable (Non-Market),Independent,Rent Geared to Income (RGI),"Long-term, rental/tenancy",General population,,17,,,,,,Queens,Cornwall,1102085,Social Housing Registry + By-Names List/Coordinated Access
PEI Housing Corp,Social Housing,Provincial Government,Affordable (Non-Market),Independent,Rent Geared to Income (RGI),"Long-term, rental/tenancy",General population,,13,,,,,,Queens,Crapaud,1102034,Social Housing Registry + By-Names List/Coordinated Access
PEI Housing Corp,Social Housing,Provincial Government,Affordable (Non-Market),Independent,Rent Geared to Income (RGI),"Long-term, rental/tenancy",General population,,18,,,,,,Queens,Hunter River,1102043,Social Housing Registry + By-Names List/Coordinated Access
PEI Housing Corp,Social Housing,Provincial Government,Affordable (Non-Market),Independent,Rent Geared to Income (RGI),"Long-term, rental/tenancy",General population,,18,,,,,,Queens,Mt. Stewart,1102059,Social Housing Registry + By-Names List/Coordinated Access
PEI Housing Corp,Social Housing,Provincial Government,Affordable (Non-Market),Independent,Rent Geared to Income (RGI),"Long-term, rental/tenancy",General population,,6,,,,,,Queens,North Rustico,1102046,Social Housing Registry + By-Names List/Coordinated Access
PEI Housing Corp,Social Housing,Provincial Government,Affordable (Non-Market),Independent,Rent Geared to Income (RGI),"Long-term, rental/tenancy",General population,,4,,,,,,Queens,South Rustico,1102017,Social Housing Registry + By-Names List/Coordinated Access
PEI Housing Corp,Social Housing,Provincial Government,Affordable (Non-Market),Independent,Rent Geared to Income (RGI),"Long-term, rental/tenancy",General population,,3,,,,,,Kings,Cardigan,1101020,Social Housing Registry + By-Names List/Coordinated Access
PEI Housing Corp,Social Housing,Provincial Government,Affordable (Non-Market),Independent,Rent Geared to Income (RGI),"Long-term, rental/tenancy",General population,,6,,,,,,Queens,Eldon,1102002,Social Housing Registry + By-Names List/Coordinated Access
PEI Housing Corp,Social Housing,Provincial Government,Affordable (Non-Market),Independent,Rent Geared to Income (RGI),"Long-term, rental/tenancy",General population,,63,,,,,,Kings,Georgetown,1101045,Social Housing Registry + By-Names List/Coordinated Access
PEI Housing Corp,Social Housing,Provincial Government,Affordable (Non-Market),Independent,Rent Geared to Income (RGI),"Long-term, rental/tenancy",General population,,195,,,,,,Kings,Montague,1101045,Social Housing Registry + By-Names List/Coordinated Access
PEI Housing Corp,Social Housing,Provincial Government,Affordable (Non-Market),Independent,Rent Geared to Income (RGI),"Long-term, rental/tenancy",General population,,22,,,,,,Kings,Morell,1101048,Social Housing Registry + By-Names List/Coordinated Access
PEI Housing Corp,Social Housing,Provincial Government,Affordable (Non-Market),Independent,Rent Geared to Income (RGI),"Long-term, rental/tenancy",General population,,6,,,,,,Kings,Murray Harbour,1101002,Social Housing Registry + By-Names List/Coordinated Access
PEI Housing Corp,Social Housing,Provincial Government,Affordable (Non-Market),Independent,Rent Geared to Income (RGI),"Long-term, rental/tenancy",General population,,7,,,,,,Kings,Murray River,1101004,Social Housing Registry + By-Names List/Coordinated Access
PEI Housing Corp,Social Housing,Provincial Government,Affordable (Non-Market),Independent,Rent Geared to Income (RGI),"Long-term, rental/tenancy",General population,,14,,,,,,Kings,Rollo Bay,1101035,Social Housing Registry + By-Names List/Coordinated Access
PEI Housing Corp,Social Housing,Provincial Government,Affordable (Non-Market),Independent,Rent Geared to Income (RGI),"Long-term, rental/tenancy",General population,,132,,,,,,Kings,Souris,1101033,Social Housing Registry + By-Names List/Coordinated Access
PEI Housing Corp,Social Housing,Provincial Government,Affordable (Non-Market),Independent,Rent Geared to Income (RGI),"Long-term, rental/tenancy",General population,,9,,,,,,Kings,St. Peters,1101044,Social Housing Registry + By-Names List/Coordinated Access
PEI Housing Corp,Social Housing,Provincial Government,Affordable (Non-Market),Independent,Rent Geared to Income (RGI),"Long-term, rental/tenancy",General population,,3,,,,,,Queens,Vernon River,1102016,Social Housing Registry + By-Names List/Coordinated Access
PEI Housing Corp,Rural Native & Community Housing,Provincial Government,Affordable (Non-Market),Independent,Rent Geared to Income (RGI),,Indigenous,,15,,,,,,Kings,,#N/A,Social Housing Registry + By-Names List/Coordinated Access
PEI Housing Corp,Social Housing,Provincial Government,Affordable (Non-Market),Independent,Rent Geared to Income (RGI),"Long-term, rental/tenancy",General population,,5,,,,,,Prince,Abrams Village,1103027,Social Housing Registry + By-Names List/Coordinated Access
PEI Housing Corp,Social Housing,Provincial Government,Affordable (Non-Market),Independent,Rent Geared to Income (RGI),"Long-term, rental/tenancy",General population,,40,,,,,,Prince,Alberton,1103052,Social Housing Registry + By-Names List/Coordinated Access
PEI Housing Corp,Social Housing,Provincial Government,Affordable (Non-Market),Independent,Rent Geared to Income (RGI),"Long-term, rental/tenancy",General population,,6,,,,,,Prince,Bedeque,1103015,Social Housing Registry + By-Names List/Coordinated Access
PEI Housing Corp,Social Housing,Provincial Government,Affordable (Non-Market),Independent,Rent Geared to Income (RGI),"Long-term, rental/tenancy",General population,,30,,,,,,Prince,Borden,1103005,Social Housing Registry + By-Names List/Coordinated Access
PEI Housing Corp,Social Housing,Provincial Government,Affordable (Non-Market),Independent,Rent Geared to Income (RGI),"Long-term, rental/tenancy",General population,,100,,,,,,Prince,Kensington,1103014,Social Housing Registry + By-Names List/Coordinated Access
PEI Housing Corp,Social Housing,Provincial Government,Affordable (Non-Market),Independent,Rent Geared to Income (RGI),"Long-term, rental/tenancy",General population,,5,,,,,,Prince,Kinkora,1103008,Social Housing Registry + By-Names List/Coordinated Access
PEI Housing Corp,Social Housing,Provincial Government,Affordable (Non-Market),Independent,Rent Geared to Income (RGI),"Long-term, rental/tenancy",General population,,17,,,,,,Prince,Miscouche,1103024,Social Housing Registry + By-Names List/Coordinated Access
PEI Housing Corp,Social Housing,Provincial Government,Affordable (Non-Market),Independent,Rent Geared to Income (RGI),"Long-term, rental/tenancy",General population,,6,,,,,,Prince,Mont Carmel,1103020,Social Housing Registry + By-Names List/Coordinated Access
PEI Housing Corp,Social Housing,Provincial Government,Affordable (Non-Market),Independent,Rent Geared to Income (RGI),"Long-term, rental/tenancy",General population,,49,,,,,,Prince,O’Leary,1103042,Social Housing Registry + By-Names List/Coordinated Access
PEI Housing Corp,Social Housing,Provincial Government,Affordable (Non-Market),Independent,Rent Geared to Income (RGI),"Long-term, rental/tenancy",General population,,4,,,,,,Prince,St. Louis,1103057,Social Housing Registry + By-Names List/Coordinated Access
PEI Housing Corp,Social Housing,Provincial Government,Affordable (Non-Market),Independent,Rent Geared to Income (RGI),"Long-term, rental/tenancy",General population,,417,,,,,,Prince,Summerside,1103025,Social Housing Registry + By-Names List/Coordinated Access
PEI Housing Corp,Social Housing,Provincial Government,Affordable (Non-Market),Independent,Rent Geared to Income (RGI),"Long-term, rental/tenancy",General population,,30,,,,,,Prince,Tignish,1103059,Social Housing Registry + By-Names List/Coordinated Access
PEI Housing Corp,Social Housing,Provincial Government,Affordable (Non-Market),Independent,Rent Geared to Income (RGI),"Long-term, rental/tenancy",General population,,5,,,,,,Prince,Tyne Valley,1103033,Social Housing Registry + By-Names List/Coordinated Access
PEI Housing Corp,Social Housing,Provincial Government,Affordable (Non-Market),Independent,Rent Geared to Income (RGI),"Long-term, rental/tenancy",General population,,17,,,,,,Prince,Wellington,1103029,Social Housing Registry + By-Names List/Coordinated Access
PEI Housing Corp,Social Housing,Provincial Government,Affordable (Non-Market),Independent,Rent Geared to Income (RGI),"Long-term, rental/tenancy",General population,,6,,,,,,Kings,Wilmot,1101003,Social Housing Registry + By-Names List/Coordinated Access
PEI Housing Corp,Social Housing,"Private Market (affordable, partnership-based)",Subsidized Market,,Rent Geared to Income (RGI),"Long-term, rental/tenancy",General population,,339,,,,,,Queens,,#N/A,Social Housing Registry + By-Names List/Coordinated Access
PEI Housing Corp,Social Housing,"Private Market (affordable, partnership-based)",Subsidized Market,,Rent Geared to Income (RGI),"Long-term, rental/tenancy",General population,,83,,,,,,Prince,,#N/A,Social Housing Registry + By-Names List/Coordinated Access
PEI Housing Corp,Social Housing,"Private Market (affordable, partnership-based)",Subsidized Market,,Rent Geared to Income (RGI),"Long-term, rental/tenancy",General population,,36,,,,,,Kings,,#N/A,Social Housing Registry + By-Names List/Coordinated Access
Hensley Green,Hensley Green,Co-operative,Co-operative,,Low-End of Market,"Long-term, rental/tenancy",General population,,26,,,,,,Queens,Charlottetown,1102075,Self-referral
Dawson Court,Dawson Court,Co-operative,Co-operative,,Low-End of Market,"Long-term, rental/tenancy",General population,,6,,,,,,Queens,Charlottetown,1102075,Self-referral
Get Together,Get Together,Co-operative,Co-operative,,Low-End of Market,"Long-term, rental/tenancy",General population,,4,,,,,,Prince,Summerside,1103025,Self-referral
Gateway,Gateway,Co-operative,Co-operative,,Low-End of Market,"Long-term, rental/tenancy",General population,,28,,,,,,Queens,Charlottetown,1102075,Self-referral
Island Unity Land Cooperative,Island Unity Land Cooperative,Co-operative,Co-operative,,Low-End of Market,"Long-term, rental/tenancy",General population,,56,,,,,,Prince,Summerside,1103025,Self-referral
Coopérative Le Chez-Nous Ltée,Coopérative Le Chez-Nous Ltée,Provincial-Community Partnership,Co-operative,,Low-End of Market,Community Care Facility,Seniors,,45,,42,3,,,Prince,Wellington,1103029,Self-referral
Coopérative d'habitation Gabriel Ltée,Coopérative d'habitation Gabriel Ltée,Co-operative,Co-operative,,Low-End of Market,"Long-term, rental/tenancy",General population,,10,,,,,,Prince,Wellington,1103029,Self-referral
Island View,Island View,Co-operative,Co-operative,,Low-End of Market,"Long-term, rental/tenancy",General population,,24,,,,,,Queens,Charlottetown,1102075,Self-referral
Kings Square ,Kings Square ,Co-operative,Co-operative,,Low-End of Market,"Long-term, rental/tenancy",General population,,16,,,,,,Queens,Charlottetown,1102075,Self-referral
Pownal Square,Pownal Square,Co-operative,Co-operative,,Low-End of Market,"Long-term, rental/tenancy",General population,,29,,,,,,Queens,Charlottetown,1102075,Self-referral
Princely,Princely,Co-operative,Co-operative,,Low-End of Market,"Long-term, rental/tenancy",General population,,6,,,,,,Queens,Charlottetown,1102075,Self-referral
Renate,Renate,Co-operative,Co-operative,,Low-End of Market,"Long-term, rental/tenancy",General population,,9,,,,,,Queens,Charlottetown,1102075,Self-referral
Westridge Estates,Westridge,Co-operative,Co-operative,,Low-End of Market,"Long-term, rental/tenancy",General population,,16,,,,,,Queens,Charlottetown,1102075,Self-referral
Kensington Seniors,Kensingston Seniors,Provincial-Community Partnership,Co-operative,,Low-End of Market,"Long-term, rental/tenancy",Seniors,,15,,,,,,Prince,Kensington,1103014,Self-referral
Confederation,Confederation,Co-operative,Co-operative,,Low-End of Market,"Long-term, rental/tenancy",General population,,11,,,,,,Prince,Summerside,1103025,Self-referral
PEI Dept. of Health & Wellness,Tignish Seniors Home Care Cooperative,Provincial-Community Partnership,Co-operative,,,Long-term Care,Seniors + Persons with Disabilities,,,,,,,,Prince,Tignish,1103059,Department of Health & Wellness
Community Connections,Winter Street,Non-Profit,Group Home,,,Community Care Facility,Individuals with disabilities,,6,,6,,,,Prince,Summerside,1103025,
Community Connections,Highland Avenue,Non-Profit,Group Home,,,Community Care Facility,Individuals with disabilities,,1,,,1,,,Prince,Summerside,1103025,
Community Connections,Granville Street,Non-Profit,Group Home,,,Community Care Facility,Individuals with disabilities,,2,,,,2,,Prince,Summerside,1103025,
Community Connections,Barbara Weit Road,Non-Profit,Group Home,,,Community Care Facility,Individuals with disabilities,,4,,4,,,,Prince,Summerside,1103025,
Community Connections,Court Street,Non-Profit,Group Home,,,Community Care Facility,Individuals with disabilities,,2,,2,,,,Prince,Summerside,1103025,
