"dguid","price","beds","2016","2017","2018","2019","2020","2021","2022","2023","2024","2025"
11,"median","0",55000,64500,82500,78500,NA,295250,104950,79750,159000,83000
11,"median","1",127250,115500,92000,110000,140500,142000,206500,205000,239950,199000
11,"median","2",155000,155000,162000,173000,202000,255000,270000,253000,279000,270000
11,"median","3",180000,216500,226500,264450,310000,339000,399000,405000,395000,4e+05
11,"median","Total",170000,199000,215250,252000,295000,325000,372000,380000,375000,375000
1101,"median","2",142500,162500,143750,166500,231000,244500,262500,242500,269000,257705
1101,"median","3",174500,233000,205000,245000,293000,340000,385000,390000,399750,363000
1101,"median","Total",168000,226000,185000,226000,263000,320000,355000,369000,365000,315000
1101,"median","1",NA,142500,79000,85000,112000,109500,351000,NA,190000,188500
1101,"median","0",NA,NA,62500,NA,NA,NA,104950,NA,NA,NA
1102,"median","0",55000,85000,138500,78500,NA,325500,75000,NA,NA,NA
1102,"median","1",127250,115000,132500,134500,157500,179500,233250,245000,250000,238000
1102,"median","2",163500,170000,175000,222700,224500,279900,293900,282500,3e+05,305000
1102,"median","3",190000,225000,246000,290000,320000,359000,430000,429000,420000,425000
1102,"median","Total",180500,217900,239000,280000,315000,339000,405000,416100,399000,410850
1103,"median","2",117000,118000,105000,119500,175000,195250,250000,243500,259900,222250
1103,"median","3",146250,165000,164500,192500,254500,280000,336250,339444,350000,363000
1103,"median","Total",140000,155000,159000,182000,230000,267500,317500,309450,330500,333000
1103,"median","0",NA,64500,77500,NA,NA,265000,129900,79750,159000,83000
1103,"median","1",NA,80000,85000,89000,135000,118000,152500,157500,125000,168950
1101002,"median","1",NA,160000,NA,NA,NA,NA,NA,NA,NA,NA
1101002,"median","3",NA,179950,177950,NA,385000,407450,4e+05,279500,390000,252500
1101002,"median","Total",NA,179900,177950,NA,300450,332000,362500,250000,360000,252500
1101002,"median","2",NA,NA,NA,NA,215900,137500,320000,164000,267500,NA
1101003,"median","3",2e+05,321000,217350,169000,293000,293500,402500,420000,412750,390000
1101003,"median","Total",2e+05,321000,210000,169000,238500,287000,350000,420000,412750,3e+05
1101003,"median","2",NA,NA,176000,NA,203500,225000,280000,NA,NA,210000
1101003,"median","1",NA,NA,NA,NA,60000,NA,NA,NA,NA,NA
1101004,"median","3",77829,220000,151000,230000,250000,427500,344500,293750,287500,420000
1101004,"median","Total",77829,220000,151000,230000,250000,427500,344500,293750,287500,420000
1101005,"median","2",155000,NA,127500,150000,82500,221000,NA,282500,530000,287000
1101005,"median","3",234900,235000,171000,226000,270000,303500,310000,369000,303500,432500
1101005,"median","Total",194950,235000,154000,214000,257750,265000,310000,342000,332000,389500
1101005,"median","1",NA,NA,NA,59900,NA,155000,NA,NA,NA,NA
1101020,"median","2",NA,154900,NA,NA,NA,NA,NA,NA,332000,NA
1101020,"median","Total",NA,154900,NA,NA,NA,NA,480000,NA,332000,NA
1101020,"median","3",NA,NA,NA,NA,NA,NA,480000,NA,NA,NA
1101025,"median","3",NA,266250,251950,NA,NA,284500,NA,161500,NA,292950
1101025,"median","Total",NA,266250,259000,NA,NA,284500,NA,161500,NA,292950
1101025,"median","2",NA,NA,259000,NA,NA,NA,NA,NA,NA,NA
1101027,"median","2",NA,172000,87000,93000,295000,117250,NA,NA,NA,234000
1101027,"median","Total",NA,172000,198500,317000,272500,218000,282500,332500,220000,193950
1101027,"median","3",NA,NA,212000,348500,238000,565000,282500,332500,220000,179900
1101030,"median","3",NA,NA,337500,NA,467450,281250,280000,697500,438250,248000
1101030,"median","Total",NA,NA,337500,340000,467450,222500,280000,697500,438250,248000
1101030,"median","2",NA,NA,NA,340000,NA,NA,NA,NA,NA,280000
1101030,"median","1",NA,NA,NA,NA,NA,109000,NA,NA,NA,NA
1101033,"median","2",245000,160000,282000,132000,NA,NA,270000,240000,521000,550000
1101033,"median","3",83000,298750,236500,211250,235000,346750,395000,455000,460000,395250
1101033,"median","Total",164000,270000,241000,190000,235000,346750,341500,447500,490500,405500
1101035,"median","2",144750,NA,237000,222000,261000,219000,285000,432500,340000,NA
1101035,"median","3",257000,250500,223000,295500,321997.5,345500,439500,459500,409000,525000
1101035,"median","Total",207000,250500,229500,294950,320000,339000,432500,459500,409000,525000
1101036,"median","3",NA,259500,210500,277000,323250,569500,472500,391250,320000,240000
1101036,"median","Total",NA,259500,210500,248500,323250,569500,420000,391250,320000,230000
1101036,"median","1",NA,NA,NA,85000,NA,NA,NA,NA,NA,NA
1101036,"median","2",NA,NA,NA,191000,NA,363500,204000,NA,NA,220000
1101037,"median","2",145750,222900,NA,174500,110000,232250,NA,485000,265000,150000
1101037,"median","3",348750,184950,240000,340000,245000,255000,365000,280000,360000,531000
1101037,"median","Total",203500,195000,240000,275000,230000,255000,365000,382500,312500,445500
1101040,"median","3",277500,265000,231250,341000,390000,574000,495000,495000,530000,4e+05
1101040,"median","Total",277500,262000,227000,333000,380000,574000,473500,495000,517500,4e+05
1101040,"median","1",NA,170000,NA,NA,NA,NA,312000,NA,NA,NA
1101040,"median","2",NA,259000,165000,226000,240500,265000,220000,NA,322000,NA
1101043,"median","2",130000,165000,NA,NA,262500,263900,295000,NA,172000,257410
1101043,"median","Total",130000,183000,142000,166000,288650,271950,382500,270000,420000,275000
1101043,"median","1",NA,125000,NA,NA,NA,NA,NA,NA,NA,NA
1101043,"median","3",NA,198000,142000,166000,293075,280000,420000,270000,430000,330000
1101044,"median","2",NA,171000,NA,68000,NA,NA,70000,183000,299999,272000
1101044,"median","3",NA,120000,485000,NA,157500,237000,NA,295000,345000,210000
1101044,"median","Total",NA,120000,65000,68000,157500,210000,70000,239000,322499.5,241000
1101044,"median","0",NA,NA,65000,NA,NA,NA,NA,NA,NA,NA
1101044,"median","1",NA,NA,58000,NA,NA,93000,NA,NA,NA,NA
1101045,"median","2",120000,125000,122000,165000,212500,260500,261250,237000,237000,240000
1101045,"median","3",147000,204000,146500,210000,255500,340000,360000,352450,367500,310000
1101045,"median","Total",133500,197000,140000,187500,235750,313000,328000,325000,320000,300500
1101045,"median","1",NA,116000,1e+05,110000,126000,110000,390000,NA,190000,188500
1101045,"median","0",NA,NA,60000,NA,NA,NA,104950,NA,NA,NA
1101048,"median","3",NA,140000,125000,NA,249800,176000,165000,NA,NA,NA
1101048,"median","Total",NA,140000,125000,130000,249800,176000,167500,NA,255000,NA
1101048,"median","2",NA,NA,146450,130000,NA,NA,170000,NA,255000,NA
1101050,"median","3",NA,NA,161500,NA,NA,NA,NA,NA,NA,NA
1101050,"median","Total",NA,NA,161500,NA,NA,NA,NA,NA,NA,NA
1101052,"median","2",NA,152000,NA,153750,164400,249750,260000,125000,210000,310000
1101052,"median","3",NA,394950,195525,227500,331500,365000,317250,360000,527500,NA
1101052,"median","Total",NA,285000,195525,189250,292500,320000,273000,345000,480000,310000
1102002,"median","2",168000,176000,162000,61500,186500,185000,197500,2e+05,248000,175000
1102002,"median","3",210000,220000,239000,255000,315300,330950,360000,269500,380000,287500
1102002,"median","Total",168500,181875,226500,250000,315000,314725,3e+05,259000,310000,237500
1102002,"median","1",NA,NA,NA,NA,NA,NA,193000,NA,NA,350000
1102003,"median","3",NA,175000,179500,NA,320000,202500,369000,289500,535000,340000
1102003,"median","Total",NA,175000,179500,NA,320000,202500,369000,289500,535000,451000
1102003,"median","2",NA,NA,NA,NA,NA,NA,NA,NA,NA,562000
1102005,"median","3",NA,NA,123500,NA,380000,NA,NA,NA,NA,499000
1102005,"median","Total",NA,NA,123500,NA,380000,NA,NA,NA,220000,499000
1102005,"median","2",NA,NA,NA,NA,NA,NA,NA,NA,220000,NA
1102010,"median","2",137000,180000,166000,225000,180500,328500,250000,NA,160000,301325
1102010,"median","3",2e+05,251950,262500,289000,299900,410000,404500,440000,398000,510000
1102010,"median","Total",165000,219500,260000,270000,293500,392000,372250,440000,386500,444750
1102010,"median","0",NA,55000,NA,NA,NA,NA,NA,NA,NA,NA
1102011,"median","3",228000,502000,868000,208000,320000,301200,1666500,395950,3e+05,446250
1102011,"median","Total",228000,502000,868000,208000,320000,301200,1666500,395950,3e+05,446250
1102013,"median","3",333500,NA,3e+05,380000,320000,NA,615000,669000,584500,510000
1102013,"median","Total",333500,NA,3e+05,380000,320000,NA,555750,669000,584500,510000
1102013,"median","2",NA,NA,NA,NA,NA,NA,496500,NA,NA,NA
1102015,"median","3",129500,201250,398500,325000,245000,375000,384950,250000,345000,350000
1102015,"median","Total",129500,201250,398500,285000,245000,361634,384950,250000,335000,350000
1102015,"median","2",NA,NA,NA,267500,NA,325317,NA,NA,125000,NA
1102016,"median","3",95000,207000,165000,171000,303500,332000,325000,395000,327000,282500
1102016,"median","Total",95000,194000,161500,158000,282000,329000,317500,316250,315000,285000
1102016,"median","2",NA,107500,104000,88000,233450,263000,281500,268000,295440,375500
1102016,"median","0",NA,NA,145000,NA,NA,NA,NA,NA,NA,NA
1102016,"median","1",NA,NA,NA,NA,NA,NA,141500,170000,NA,199000
1102017,"median","2",170500,120000,120000,197500,295000,286000,354500,183000,352500,289000
1102017,"median","3",177250,201000,235950,290000,310000,358000,401000,439000,425000,415000
1102017,"median","Total",177250,192250,233000,274000,3e+05,345000,397500,421450,420750,411700
1102017,"median","1",NA,NA,NA,159000,NA,320000,231500,NA,NA,NA
1102018,"median","2",3e+05,143500,175000,137000,182750,324950,184000,243250,282500,262500
1102018,"median","3",2e+05,275000,215000,282500,325000,504500,468250,517500,341000,472500
1102018,"median","Total",203000,244950,215000,280000,296500,413750,447450,399000,3e+05,465000
1102018,"median","1",NA,73000,NA,NA,115000,NA,NA,344000,NA,NA
1102019,"median","3",150000,324750,165000,505000,311000,343750,385000,402500,342000,410000
1102019,"median","Total",150000,316000,165000,505000,286750,343750,339500,402500,342000,410000
1102019,"median","2",NA,316000,NA,NA,215500,NA,160000,NA,NA,NA
1102020,"median","3",NA,NA,4e+05,245000,NA,NA,485000,590000,NA,NA
1102020,"median","Total",NA,NA,4e+05,210000,NA,NA,485000,590000,349000,NA
1102020,"median","2",NA,NA,NA,135000,NA,NA,NA,NA,349000,NA
1102021,"median","3",127000,250000,549900,98000,233750,645000,360500,494450,NA,650000
1102021,"median","Total",127000,250000,359950,98000,233750,515000,306000,494450,450000,650000
1102021,"median","2",NA,NA,170000,NA,NA,NA,3e+05,NA,450000,NA
1102021,"median","0",NA,NA,NA,NA,NA,385000,NA,NA,NA,NA
1102022,"median","3",175900,222500,260000,295500,320000,331472.5,439000,428750,382500,362500
1102022,"median","Total",175900,211250,255805,295500,320000,331472.5,442000,427500,382500,352500
1102022,"median","2",NA,126500,69000,NA,NA,NA,450000,320000,NA,327500
1102032,"median","2",120000,199000,195000,NA,NA,315000,NA,165000,250000,160000
1102032,"median","3",146500,210500,NA,358500,270000,NA,399000,174900,720000,419950
1102032,"median","Total",126000,199000,195000,358500,270000,315000,297000,169950,485000,254950
1102032,"median","1",NA,NA,NA,NA,NA,NA,195000,NA,NA,NA
1102034,"median","3",72000,152000,123950,204000,179900,405000,495500,NA,405000,484500
1102034,"median","Total",72000,152000,123950,204000,249450,405000,495500,NA,405000,484500
1102034,"median","2",NA,NA,NA,NA,319000,NA,NA,NA,NA,NA
1102037,"median","3",250750,219250,352500,395000,368500,449900,552000,594250,810000,435000
1102037,"median","Total",250750,196500,290000,395000,368500,294950,479000,439000,810000,417500
1102037,"median","2",NA,154000,230000,NA,NA,286000,259000,439000,NA,280000
1102037,"median","1",NA,NA,NA,NA,NA,470000,NA,NA,NA,NA
1102040,"median","3",201000,2e+05,255000,304500,220550,351250,427500,409500,359900,465500
1102040,"median","Total",201000,208000,255000,295000,220550,350000,347000,409500,359900,425250
1102040,"median","2",NA,239900,NA,170000,NA,209000,322000,NA,392950,307000
1102043,"median","3",NA,205000,249900,349000,351000,330000,NA,665000,528450,293000
1102043,"median","Total",NA,205000,258950,349000,351000,360000,NA,665000,528450,293000
1102043,"median","2",NA,NA,288500,NA,NA,390000,NA,NA,NA,NA
1102045,"median","3",243100,281000,310500,349000,315500,344250,480000,461625,438000,417500
1102045,"median","Total",243100,281000,303000,349000,284500,337500,457500,490000,438000,417500
1102045,"median","2",NA,NA,279000,NA,159000,270500,240500,5e+05,NA,NA
1102046,"median","3",192250,222250,400100,395150,345450,407000,485000,525000,547500,441450
1102046,"median","Total",192250,227950,341100,340300,345450,407000,410000,525000,5e+05,470000
1102046,"median","2",NA,434500,260000,220000,NA,NA,273000,NA,390000,525000
1102050,"median","3",93000,146000,NA,310000,276000,NA,279900,482500,622500,387000
1102050,"median","Total",93000,120000,NA,249500,276000,235000,252450,482500,622500,387000
1102050,"median","2",NA,100500,NA,189000,NA,235000,NA,NA,NA,NA
1102050,"median","1",NA,NA,NA,NA,NA,NA,225000,NA,NA,NA
1102051,"median","3",NA,230000,198000,456500,294375,412500,452500,546250,393400,522000
1102051,"median","Total",NA,230000,198000,456500,294375,412500,452500,546250,393400,522000
1102055,"median","2",195000,NA,124000,260000,NA,286000,NA,340000,NA,NA
1102055,"median","Total",195000,346000,192000,291250,445000,603500,550000,395000,1385000,460000
1102055,"median","3",NA,346000,193000,310000,445000,612000,550000,450000,1385000,460000
1102057,"median","2",168000,176000,162000,NA,NA,NA,207600,NA,235000,NA
1102057,"median","3",210000,223250,226500,289000,294000,NA,445000,530000,230000,285000
1102057,"median","Total",168500,198000,192500,289000,294000,NA,335000,530000,232500,285000
1102059,"median","2",85500,165000,NA,NA,NA,NA,NA,425000,NA,NA
1102059,"median","3",74500,199950,215000,158000,119500,224000,NA,347450,4e+05,344000
1102059,"median","Total",80000,199900,215000,158000,119500,224000,NA,349900,4e+05,344000
1102061,"median","2",160000,320000,169250,275000,224000,314000,NA,398750,325000,4e+05
1102061,"median","Total",160000,245000,192000,245000,224000,429500,575000,410000,325000,503000
1102061,"median","3",NA,237000,197500,245000,305500,449000,602500,443500,300500,606000
1102061,"median","1",NA,NA,145000,179000,NA,NA,245000,280000,NA,NA
1102064,"median","2",109930,84000,93750,198750,121500,149700,217250,334000,280000,164950
1102064,"median","3",170000,177450,237950,245000,296250,349900,461000,449000,430000,388000
1102064,"median","Total",165000,175000,226000,245000,295000,307500,4e+05,425000,417450,352000
1102064,"median","1",NA,NA,NA,NA,NA,114500,240000,NA,NA,NA
1102066,"median","3",NA,235000,230000,208500,210000,332000,391250,462500,355000,165800
1102066,"median","Total",NA,235000,258000,210000,199500,332000,391250,462500,357500,282400
1102066,"median","2",NA,NA,285450,234000,189000,NA,NA,NA,374000,399000
1102067,"median","2",155000,142000,199000,204500,239111,275000,345000,420000,346000,301500
1102067,"median","3",218000,222600,233500,311500,319450,411000,435000,493000,405000,405000
1102067,"median","Total",185000,187000,220000,269000,299700,338500,403750,484500,392500,376499
1102067,"median","1",NA,NA,120000,NA,NA,NA,NA,NA,NA,NA
1102067,"median","0",NA,NA,NA,67000,NA,325500,NA,NA,NA,NA
1102068,"median","3",180000,207250,229900,282000,290000,375000,485000,429000,409000,464500
1102068,"median","Total",180000,197000,182000,258125,272000,331500,375000,375000,394000,370500
1102068,"median","2",NA,141000,153750,174000,130000,257500,267499.5,251000,309500,320000
1102068,"median","1",NA,NA,NA,110000,2e+05,145000,190000,NA,239900,260000
1102069,"median","3",112500,143500,251000,252900,186000,195000,514000,NA,449000,NA
1102069,"median","Total",112500,146000,251000,252900,186000,195000,430000,NA,449000,NA
1102069,"median","2",NA,148500,NA,NA,NA,NA,216000,NA,457500,NA
1102070,"median","3",185000,195000,NA,397500,NA,365000,495000,428750,NA,269000
1102070,"median","Total",185000,195000,212000,265000,199900,292250,495000,402500,279000,269000
1102070,"median","2",NA,NA,212000,120000,199900,249550,NA,285000,279000,NA
1102071,"median","3",182500,163000,185000,239900,385000,320000,365000,315000,385500,427500
1102071,"median","Total",182500,155000,185000,237450,350000,299900,365000,325000,365000,417500
1102071,"median","1",NA,115000,NA,72500,NA,172500,235000,NA,NA,NA
1102071,"median","2",NA,133500,183950,224950,174900,161300,270000,336250,295000,304250
1102072,"median","3",NA,241000,215000,410000,309000,365000,594900,299000,585000,465000
1102072,"median","Total",NA,241000,215000,197000,309000,365000,594900,299000,585000,465000
1102072,"median","0",NA,NA,NA,90000,NA,NA,NA,NA,NA,NA
1102072,"median","2",NA,NA,NA,197000,NA,NA,NA,NA,NA,NA
1102073,"median","3",266000,262500,250000,280000,322500,399000,415000,385000,425000,454200
1102073,"median","Total",266000,244500,232750,269900,322500,364000,375000,385000,408000,454200
1102073,"median","2",NA,207700,135000,248000,NA,2e+05,250000,NA,363000,525500
1102075,"median","1",181500,NA,NA,NA,205000,199500,252500,242000,257000,170000
1102075,"median","2",141500,170000,180000,247000,245000,286000,315000,310000,315000,307500
1102075,"median","3",187500,227500,255500,295500,320000,366400,439500,428900,435000,432500
1102075,"median","Total",181500,222500,251610,290000,317500,355000,425000,419000,411000,425000
1102075,"median","0",NA,115000,NA,NA,NA,NA,NA,NA,NA,NA
1102080,"median","0",55000,NA,132000,NA,NA,NA,75000,NA,NA,NA
1102080,"median","1",73000,NA,NA,NA,139900,186500,273000,NA,205000,238000
1102080,"median","2",168000,174000,176000,168000,170000,244500,255000,242000,238000,350000
1102080,"median","3",207000,234000,215900,274000,344900,391000,4e+05,450000,430000,380000
1102080,"median","Total",190000,226500,208500,262000,313900,332000,340000,370500,358250,375000
1102085,"median","3",234975,240000,248000,295000,320000,331995,439000,427500,420000,455000
1102085,"median","Total",234975,194000,245000,295000,318995,330950,425000,425000,417500,406000
1102085,"median","1",NA,155000,NA,NA,NA,NA,210000,NA,NA,NA
1102085,"median","2",NA,139500,165000,NA,253126,286000,250000,331302.5,397500,305000
1102085,"median","0",NA,NA,NA,NA,NA,1e+05,NA,NA,NA,NA
1103002,"median","2",64000,93000,255000,221500,3e+05,250000,485000,NA,260000,410000
1103002,"median","3",304500,168750,252000,251950,278000,318250,529000,382000,242750,455000
1103002,"median","Total",287000,138750,252000,251950,278000,307500,507000,382000,260000,432500
1103002,"median","0",NA,NA,1e+05,NA,NA,NA,NA,NA,NA,NA
1103003,"median","2",78500,136250,260000,143000,199900,227250,410000,249000,324500,270000
1103003,"median","3",151500,185000,180000,256450,255000,328500,597500,319950,432000,381875
1103003,"median","Total",115000,176500,191350,251000,239500,292500,575000,295000,376990,378750
1103003,"median","1",NA,112000,NA,NA,NA,NA,NA,NA,NA,NA
1103004,"median","3",184900,230000,369000,355500,375000,415000,477500,475000,538000,444500
1103004,"median","Total",184900,189950,369000,342000,305500,342950,460950,380000,538000,355000
1103004,"median","2",NA,126000,202700,335000,160000,236000,217500,360000,NA,270000
1103005,"median","3",137000,253250,316500,135000,255750,206000,361250,415000,325000,250000
1103005,"median","Total",137000,170000,197750,140000,250000,240000,255000,410000,325000,3e+05
1103005,"median","2",NA,168500,179900,147000,170500,260000,250000,NA,NA,305000
1103005,"median","1",NA,NA,211500,NA,NA,NA,NA,NA,NA,NA
1103005,"median","0",NA,NA,NA,NA,NA,NA,NA,76500,NA,NA
1103007,"median","2",176000,82000,99000,112250,219950,NA,319900,213500,335000,267500
1103007,"median","3",106000,235950,183500,196050,265200,270750,365000,346000,355000,365000
1103007,"median","Total",122000,213500,160000,193550,245000,270750,365000,322500,355000,291500
1103007,"median","1",NA,NA,92000,NA,NA,NA,NA,NA,125000,NA
1103008,"median","3",69000,259900,299900,NA,NA,NA,362000,204500,NA,475000
1103008,"median","Total",69000,259900,299900,NA,NA,NA,362000,204500,NA,475000
1103014,"median","3",112500,190000,189250,239500,155000,266250,415000,349500,285000,417500
1103014,"median","Total",112500,159950,164000,229000,165000,264500,328750,277000,285000,415000
1103014,"median","2",NA,129900,1e+05,99000,2e+05,239250,252500,221000,238000,272000
1103014,"median","1",NA,NA,NA,NA,NA,89000,203000,NA,NA,NA
1103014,"median","0",NA,NA,NA,NA,NA,NA,129900,NA,NA,NA
1103015,"median","3",156270,95000,176500,240000,3e+05,755000,389000,510000,NA,260000
1103015,"median","Total",156270,111750,176500,207250,186500,570000,407000,510000,277000,260000
1103015,"median","1",NA,128500,NA,NA,NA,NA,NA,NA,NA,NA
1103015,"median","2",NA,NA,NA,174500,127750,259900,450000,NA,277000,NA
1103018,"median","2",NA,94500,NA,113500,NA,135000,NA,NA,NA,NA
1103018,"median","3",NA,80500,72000,NA,182500,161500,250000,325000,290000,375000
1103018,"median","Total",NA,80500,72000,113500,182500,148250,250000,325000,290000,375000
1103020,"median","2",87500,93000,130000,204000,170000,199000,229495,291500,242500,250000
1103020,"median","3",135000,185000,172000,170000,283750,285000,379000,360000,382000,387000
1103020,"median","Total",127500,180000,161000,170000,240000,253000,364500,340000,351250,350250
1103020,"median","0",NA,NA,55000,NA,NA,NA,NA,NA,NA,NA
1103020,"median","1",NA,NA,NA,57000,97050,95000,165000,2e+05,NA,215000
1103021,"median","3",88500,137500,142000,216000,250000,335000,257450,235000,385000,337000
1103021,"median","Total",88500,137500,142000,189250,253750,277750,257450,245500,346000,336750
1103021,"median","2",NA,131500,163500,77000,295000,151000,252500,269250,314500,135000
1103021,"median","1",NA,NA,NA,NA,NA,NA,NA,185000,NA,NA
1103022,"median","3",NA,NA,356500,269000,220000,436250,452000,390000,1050000,324000
1103022,"median","Total",NA,NA,356500,269000,220000,436250,452000,390000,1050000,324000
1103023,"median","2",125000,131500,NA,NA,NA,NA,NA,NA,155250,NA
1103023,"median","3",65000,NA,218500,356000,NA,310000,NA,285000,412000,NA
1103023,"median","Total",95000,131500,218500,356000,NA,310000,NA,285000,367500,NA
1103024,"median","3",265000,159900,107450,159900,216000,196000,299950,345000,272000,344000
1103024,"median","Total",265000,155000,90000,155000,194500,195000,237500,265000,272000,321500
1103024,"median","2",NA,109000,74750,89500,145000,183000,220000,219000,272000,221500
1103024,"median","1",NA,NA,NA,112250,NA,NA,139000,NA,NA,NA
1103024,"median","0",NA,NA,NA,NA,NA,NA,NA,NA,159000,NA
1103025,"median","2",125000,115000,106250,130000,170000,207500,248250,269000,282000,175000
1103025,"median","3",166250,165000,161000,198000,253500,299500,325000,360000,365000,382500
1103025,"median","Total",159500,161500,155500,190500,235000,285000,315000,323000,350000,365500
1103025,"median","1",NA,NA,61750,NA,133500,143000,160000,157500,NA,160000
1103025,"median","0",NA,NA,NA,NA,NA,NA,NA,NA,NA,175000
1103027,"median","3",119000,171250,NA,126000,252500,332500,280000,249000,542000,372500
1103027,"median","Total",119000,155000,145000,126000,195000,216250,280000,249000,215000,347500
1103027,"median","1",NA,80000,NA,NA,NA,NA,NA,NA,NA,NA
1103027,"median","2",NA,NA,145000,NA,118000,1e+05,NA,NA,205000,295000
1103029,"median","3",189000,185000,242000,297500,320000,331472.5,439000,417000,380000,550000
1103029,"median","Total",189000,185000,242000,297750,320000,335497.5,425000,410000,380000,550000
1103029,"median","2",NA,NA,NA,304500,154900,497500,272500,202500,NA,655000
1103033,"median","3",NA,147500,NA,171000,NA,NA,NA,NA,359250,NA
1103033,"median","Total",NA,147500,NA,171000,NA,NA,NA,NA,343500,NA
1103033,"median","2",NA,NA,NA,NA,NA,NA,NA,NA,299000,NA
1103035,"median","3",NA,488000,230000,352000,475000,289900,612500,272500,444000,350000
1103035,"median","Total",NA,488000,230000,278500,475000,184950,330000,272500,444000,330000
1103035,"median","2",NA,NA,NA,205000,NA,NA,NA,NA,NA,310000
1103035,"median","1",NA,NA,NA,NA,NA,80000,145000,NA,NA,NA
1103039,"median","3",75000,195750,191450,105000,245000,319500,272500,331250,385000,346500
1103039,"median","Total",75000,183000,189900,1e+05,210000,319500,272500,276700,352450,299000
1103039,"median","2",NA,98000,NA,1e+05,NA,NA,NA,212450,180000,245000
1103039,"median","1",NA,NA,69000,NA,135000,NA,NA,NA,NA,NA
1103040,"median","2",155750,152500,164000,94250,175000,170000,NA,225500,211000,257250
1103040,"median","3",120000,134000,167000,172500,230000,270000,332500,345000,329000,345500
1103040,"median","Total",130000,134500,165500,164500,230000,250000,332500,295000,315000,335000
1103040,"median","0",NA,59000,NA,NA,NA,NA,NA,NA,NA,NA
1103040,"median","1",NA,NA,NA,NA,295000,NA,NA,NA,NA,279000
1103042,"median","3",375000,130000,145500,95500,302750,189500,325000,252500,317500,302500
1103042,"median","Total",375000,130000,145500,95500,193250,171000,278500,220000,286000,247500
1103042,"median","2",NA,NA,165250,NA,117500,171000,190000,172500,286000,176000
1103043,"median","3",160000,181600,132500,139000,199999,269000,270000,362495,347500,350000
1103043,"median","Total",160000,175675,132500,138000,195000,249000,269000,325000,345000,350000
1103043,"median","2",NA,82500,NA,130000,195000,307800,226500,230000,255000,NA
1103043,"median","1",NA,NA,NA,NA,110000,159000,NA,NA,NA,NA
1103050,"median","3",NA,135000,58750,72500,NA,167500,237500,NA,435000,235000
1103050,"median","Total",NA,135000,58750,72500,NA,167500,237500,NA,435000,235000
1103052,"median","3",148500,80900,129000,318500,115000,285000,327500,495000,474000,NA
1103052,"median","Total",148500,80900,145000,110000,115000,242000,265000,405000,274950,275000
1103052,"median","2",NA,NA,173000,72500,NA,75000,155000,165000,159000,275000
1103052,"median","1",NA,NA,NA,110000,NA,82400,NA,NA,NA,NA
1103053,"median","2",225000,205000,NA,224500,NA,NA,199000,NA,285000,NA
1103053,"median","3",145000,285000,367250,139000,460000,530000,575000,NA,4e+05,315000
1103053,"median","Total",185000,247000,367250,165000,460000,530000,387000,NA,385000,315000
1103055,"median","3",NA,147500,76500,NA,65000,237950,365000,330000,NA,255000
1103055,"median","Total",NA,147500,76500,92500,65000,237950,365000,379500,80500,255000
1103055,"median","2",NA,NA,NA,92500,NA,NA,NA,429000,NA,NA
1103055,"median","1",NA,NA,NA,NA,NA,NA,NA,NA,80500,NA
1103059,"median","3",265500,185000,170000,87500,166500,183000,250000,319000,250000,NA
1103059,"median","Total",265500,192500,149000,87500,166500,183000,232500,297000,250000,290000
1103059,"median","2",NA,2e+05,87000,NA,NA,NA,215000,115000,219000,290000
1103060,"median","3",NA,167500,NA,117500,NA,165000,420000,189000,310000,260000
1103060,"median","Total",NA,167500,NA,117500,NA,162000,420000,189000,310000,260000
1103060,"median","2",NA,NA,NA,NA,NA,125000,NA,NA,NA,250000
1103061,"median","2",87000,85000,1e+05,105000,294000,150000,4e+05,250000,268000,145000
1103061,"median","3",210000,81000,175000,204000,294000,220000,279000,375000,351000,335000
1103061,"median","Total",109000,80500,152500,190000,294000,214000,295000,370000,329900,184950
1103061,"median","0",NA,70000,NA,NA,NA,NA,NA,NA,NA,NA
1103061,"median","1",NA,55000,85000,NA,NA,NA,NA,NA,NA,169000
1103062,"median","2",NA,NA,70000,NA,NA,NA,NA,NA,NA,225000
1103062,"median","3",NA,NA,56000,NA,NA,85000,175000,260000,NA,277000
1103062,"median","Total",NA,NA,63000,NA,NA,85000,175000,260000,NA,251000
1103063,"median","2",63000,NA,NA,182000,175900,NA,357000,335000,277500,155000
1103063,"median","3",131900,147000,142000,245000,236500,240000,315000,195000,254000,382500
1103063,"median","Total",125950,147000,142000,213500,193000,240000,315000,222500,257500,328000
1103063,"median","1",NA,NA,NA,NA,NA,NA,NA,NA,NA,168900
1103064,"median","2",210000,91500,95000,99500,219000,159900,167000,225000,150000,152000
1103064,"median","3",118750,105000,152000,111500,245000,233000,240000,194000,272500,288500
1103064,"median","Total",122500,104500,122500,106000,232000,226000,203500,216000,235000,234000
1103064,"median","1",NA,52000,NA,NA,NA,155000,120050,130000,NA,113000
1103065,"median","3",166500,145000,159000,207000,277725,250000,3e+05,279000,335000,355000
1103065,"median","Total",166500,145000,159000,169000,205250,240000,280000,279000,299900,290000
1103065,"median","2",NA,NA,232500,155000,176500,214500,179000,270000,195000,223750
1103065,"median","0",NA,NA,NA,NA,NA,NA,NA,83000,NA,71500
1103066,"median","3",158000,70000,1e+05,203500,147000,123000,710000,549000,NA,224950
1103066,"median","Total",158000,70000,88000,203500,147000,123000,371000,549000,NA,224950
1103066,"median","2",NA,NA,88000,NA,NA,NA,330500,NA,NA,NA
1103067,"median","3",126000,150000,147500,177000,217500,257900,365000,312500,325000,310000
1103067,"median","Total",126000,140829,143250,152500,215000,251000,365000,299450,307000,302000
1103067,"median","2",NA,135829,123750,104750,140000,225500,252000,251000,257000,282500
1103067,"median","1",NA,NA,95000,NA,NA,141000,NA,123000,240000,NA
1103067,"median","0",NA,NA,NA,NA,NA,265000,NA,NA,NA,NA
1103068,"median","3",NA,457500,290000,NA,NA,NA,NA,NA,NA,858000
1103068,"median","Total",NA,457500,290000,NA,NA,NA,NA,NA,NA,858000
11,"average","0",55000,74750,92833.3333333333,78500,NA,268875,103700,79750,159000,106000
11,"average","1",127250,111791.666666667,99538.4615384615,106081.818181818,151170.833333333,160707.692307692,210289.285714286,206785.714285714,216740,213393.333333333
11,"average","2",147962.929292929,159709.585253456,162453.534031414,184377.202970297,208548.603524229,252847.814671815,285413.218009479,284072.614213198,296175.141700405,278298.296943231
11,"average","3",203303.510538642,238884.050184502,240548.439973615,273738.219402985,319584.526141628,375078.844164038,428620.912420382,423290.321533923,432665.560747664,432349.05704408
11,"average","Total",192378.882797732,226691.037783375,230330.857473928,260692.803215434,302985.727582293,354984.766275347,403517.648432288,397969.969105691,405447.146084337,404185.946581197
1101,"average","2",153875,168140,165255,180233.333333333,202192.307692308,250837.5,264887.5,262775,284281.787878788,266650.277777778
1101,"average","3",212227.128205128,257790.382022472,224457.860335196,264197.333333333,308164.98245614,384629.913043478,404877.178343949,409525.386206897,433800,394264.777777778
1101,"average","Total",202294.85106383,246636.079207921,214444.180487805,250472.451612903,290001.04950495,356199.225352113,382891.443243243,391737.460606061,405414.130890052,364023.742857143
1101,"average","1",NA,142750,88250,84966.6666666667,125400,109250,351000,NA,190000,219750
1101,"average","0",NA,NA,62500,NA,NA,NA,104950,NA,NA,NA
1102,"average","0",55000,85000,138500,78500,NA,270166.666666667,75000,NA,NA,NA
1102,"average","1",127250,114333.333333333,132500,130125,175250,214875,220500,233277.777777778,268380,243400
1102,"average","2",156948.260869565,176791.644444444,180297.169811321,214798.119266055,232602.669811321,270710.102189781,302885.461538462,309804.80952381,320238.362204724,321139.603960396
1102,"average","3",203951.09057971,256043.241717791,269509.074626866,304138.686092715,343386.323529412,407656.152601156,465869.652719665,461780.42408377,466700.82788296,461762.851515152
1102,"average","Total",193762.732758621,244036.768586387,259323.041794088,291626.670114943,330403.315280464,386527.8820059,437878.241500586,435559.225618632,439222.093969144,441795.798955614
1103,"average","2",117631.818181818,119795.290322581,132492.692307692,137762.31884058,183448.947368421,221082.432432432,263247,252462.5,265559.643678161,235823.913043478
1103,"average","3",198600.357142857,190955.685082873,192598.871244635,223420.492957746,272434.507109005,313086.767346939,368464.942408377,356203.655518395,372751.258258258,392924.397790055
1103,"average","Total",185307.014925373,178908.969837587,183692.775925926,210569.599198397,254075.307984791,298397.933682373,348216.698481562,332373.526455026,348665.938679245,357143.265658747
1103,"average","0",NA,64500,77500,NA,NA,265000,129900,79750,159000,106000
1103,"average","1",NA,85500,96571.4285714286,97875,138733.333333333,118050,152137.5,159100,148500,184150
1101002,"average","1",NA,160000,NA,NA,NA,NA,NA,NA,NA,NA
1101002,"average","3",NA,339350,177950,NA,553333.333333333,448475,430000,279500,601200,252500
1101002,"average","Total",NA,303480,177950,NA,468975,344816.666666667,402500,241000,505857.142857143,252500
1101002,"average","2",NA,NA,NA,NA,215900,137500,320000,164000,267500,NA
1101003,"average","3",198500,389333.333333333,191983.333333333,218812.5,301037,276000,385408.416666667,462980,449800,356166.666666667
1101003,"average","Total",198500,389333.333333333,193420,218812.5,252580.222222222,257000,377300.076923077,462980,449800,335285.714285714
1101003,"average","2",NA,NA,195575,NA,203500,231666.666666667,280000,NA,NA,210000
1101003,"average","1",NA,NA,NA,NA,60000,NA,NA,NA,NA,NA
1101004,"average","3",77829,191633.333333333,151000,217666.666666667,257333.333333333,427500,344500,293750,287500,383333.333333333
1101004,"average","Total",77829,191633.333333333,151000,217666.666666667,257333.333333333,427500,344500,293750,287500,383333.333333333
1101005,"average","2",155000,NA,127500,150000,82500,249250,NA,287750,530000,351000
1101005,"average","3",198633.333333333,266942.857142857,192980,252182,274661.538461538,313772.727272727,364505.769230769,437069.230769231,302750,467428.571428571
1101005,"average","Total",187725,266942.857142857,182066.666666667,230146.111111111,260935.714285714,298333.333333333,364505.769230769,401935.294117647,328000,441555.555555556
1101005,"average","1",NA,NA,NA,59900,NA,155000,NA,NA,NA,NA
1101020,"average","2",NA,154900,NA,NA,NA,NA,NA,NA,332000,NA
1101020,"average","Total",NA,154900,NA,NA,NA,NA,480000,NA,332000,NA
1101020,"average","3",NA,NA,NA,NA,NA,NA,480000,NA,NA,NA
1101025,"average","3",NA,266250,251950,NA,NA,284500,NA,161500,NA,292950
1101025,"average","Total",NA,266250,254300,NA,NA,284500,NA,161500,NA,292950
1101025,"average","2",NA,NA,259000,NA,NA,NA,NA,NA,NA,NA
1101027,"average","2",NA,153000,87000,93000,295000,117250,NA,NA,NA,234000
1101027,"average","Total",NA,153000,253500,263333.333333333,272666.666666667,341071.428571429,282500,320125,171666.666666667,185475
1101027,"average","3",NA,NA,309000,348500,261500,430600,282500,320125,171666.666666667,169300
1101030,"average","3",NA,NA,337500,NA,467450,264375,320000,697500,438250,254333.333333333
1101030,"average","Total",NA,NA,337500,340000,467450,233300,320000,697500,438250,264600
1101030,"average","2",NA,NA,NA,340000,NA,NA,NA,NA,NA,280000
1101030,"average","1",NA,NA,NA,NA,NA,109000,NA,NA,NA,NA
1101033,"average","2",245000,160000,282000,132000,NA,NA,270000,240000,521000,550000
1101033,"average","3",83000,299833.333333333,232000,236375,211500,380333.333333333,428600,450000,519700,403833.333333333
1101033,"average","Total",164000,279857.142857143,242000,215500,211500,380333.333333333,402166.666666667,397500,519916.666666667,424714.285714286
1101035,"average","2",144750,NA,237000,246000,217666.666666667,224100,295000,432500,339666.666666667,NA
1101035,"average","3",288400,254695.652173913,232632.285714286,313321.428571429,347040,411668.166666667,479704.15,488175,428904.166666667,520626.315789474
1101035,"average","Total",267878.571428571,254695.652173913,232753.611111111,304906.25,335950.857142857,384872.714285714,455612.304347826,483113.636363636,418988.888888889,520626.315789474
1101036,"average","3",NA,318500,251867.7,305542.818181818,302375,653500,473000,449566.666666667,377990.909090909,310000
1101036,"average","Total",NA,318500,251867.7,273426.5,302375,556833.333333333,434571.428571429,449566.666666667,377990.909090909,248000
1101036,"average","1",NA,NA,NA,85000,NA,NA,NA,NA,NA,NA
1101036,"average","2",NA,NA,NA,191000,NA,363500,204000,NA,NA,186000
1101037,"average","2",145750,222900,NA,174500,110000,232250,NA,485000,265000,150000
1101037,"average","3",348750,232650,240000,332500,208222.222222222,346285.714285714,397045.454545455,386666.666666667,359000,489100
1101037,"average","Total",247250,231257.142857143,240000,279833.333333333,190363.636363636,320944.444444444,397045.454545455,411250,343333.333333333,432583.333333333
1101040,"average","3",277500,285386.434782609,280525,389230.769230769,425744.705882353,547997.2,527359.444444444,538081.25,647526.666666667,411111.111111111
1101040,"average","Total",277500,276440.296296296,273729.411764706,377571.428571429,406245.263157895,527034.444444444,501223.5,538081.25,600550,411111.111111111
1101040,"average","1",NA,170000,NA,NA,NA,NA,312000,NA,NA,NA
1101040,"average","2",NA,243333.333333333,165000,226000,240500,265000,220000,NA,365666.666666667,NA
1101043,"average","2",130000,165000,NA,NA,262500,299600,295000,NA,182300,257410
1101043,"average","Total",130000,186909.090909091,233492.307692308,199500,294022.727272727,297326.875,408083.333333333,281000,415050,359191.818181818
1101043,"average","1",NA,125000,NA,NA,NA,NA,NA,NA,NA,NA
1101043,"average","3",NA,196222.222222222,233492.307692308,199500,297175,296802.307692308,418363.636363636,281000,468761.538461538,369370
1101044,"average","2",NA,171000,NA,68000,NA,NA,70000,183000,299999,272000
1101044,"average","3",NA,120000,485000,NA,157500,233250,NA,295000,345000,210000
1101044,"average","Total",NA,154000,202666.666666667,68000,157500,205200,70000,239000,322499.5,241000
1101044,"average","0",NA,NA,65000,NA,NA,NA,NA,NA,NA,NA
1101044,"average","1",NA,NA,58000,NA,NA,93000,NA,NA,NA,NA
1101045,"average","2",120000,137500,134985.714285714,169016.666666667,201630,266590.476190476,314162.5,226944.444444444,251360,251789.473684211
1101045,"average","3",147421.933333333,230149.206349206,198951.851851852,219758.018867925,268490.384615385,366345.481927711,348304.7,351413.964285714,394580,362017.244897959
1101045,"average","Total",145708.0625,220577.142857143,185281.538461538,212854.583333333,250678.787878788,339285.747663551,334223.294117647,334179.723076923,356408.955223881,325025.625
1101045,"average","1",NA,116000,98333.3333333333,110000,141750,99500,390000,NA,190000,219750
1101045,"average","0",NA,NA,60000,NA,NA,NA,104950,NA,NA,NA
1101048,"average","3",NA,140000,147666.666666667,NA,249800,237175,195333.333333333,NA,NA,NA
1101048,"average","Total",NA,140000,147180,130000,249800,237175,189000,NA,255000,NA
1101048,"average","2",NA,NA,146450,130000,NA,NA,170000,NA,255000,NA
1101050,"average","3",NA,NA,161500,NA,NA,NA,NA,NA,NA,NA
1101050,"average","Total",NA,NA,161500,NA,NA,NA,NA,NA,NA,NA
1101052,"average","2",NA,152000,NA,153750,164400,249750,246666.666666667,125000,210000,310000
1101052,"average","3",NA,394950,213368.75,268916.666666667,356333.333333333,410245.454545455,343250,455999.8,488500,NA
1101052,"average","Total",NA,273475,213368.75,240125,308350,385553.846153846,301857.142857143,400833.166666667,432800,310000
1102002,"average","2",163000,159708.333333333,150550,61500,186500,175571.428571429,219250,263800,254180,194500
1102002,"average","3",194666.666666667,219219.444444444,244032.592592593,249217.24137931,322645.142857143,389411.714285714,368077.2,270928.571428571,393807.692307692,260100
1102002,"average","Total",179964.285714286,195415,227035.757575758,237106.451612903,315285.945945946,353771.666666667,332872.8125,269052.631578947,355022.222222222,238454.545454545
1102002,"average","1",NA,NA,NA,NA,NA,NA,191000,NA,NA,350000
1102003,"average","3",NA,175000,200700,NA,320000,202500,369000,289500,535000,340000
1102003,"average","Total",NA,175000,200700,NA,320000,202500,369000,289500,535000,451000
1102003,"average","2",NA,NA,NA,NA,NA,NA,NA,NA,NA,562000
1102005,"average","3",NA,NA,123500,NA,380000,NA,NA,NA,NA,499000
1102005,"average","Total",NA,NA,123500,NA,380000,NA,NA,NA,220000,499000
1102005,"average","2",NA,NA,NA,NA,NA,NA,NA,NA,220000,NA
1102010,"average","2",137000,180000,166000,218333.333333333,196833.333333333,328500,250000,NA,160000,318775
1102010,"average","3",195500,258400,277191.666666667,288107.142857143,320560,456976.470588235,492983.333333333,451445.454545455,412954.545454545,500531.1875
1102010,"average","Total",172100,242744.444444444,272744,275794.117647059,299938.888888889,443452.631578947,458271.428571429,451445.454545455,391875,450961.318181818
1102010,"average","0",NA,55000,NA,NA,NA,NA,NA,NA,NA,NA
1102011,"average","3",192666.666666667,502000,868000,284666.666666667,398333.333333333,314400,1666500,395950,3e+05,464375
1102011,"average","Total",192666.666666667,502000,868000,284666.666666667,398333.333333333,314400,1666500,395950,3e+05,464375
1102013,"average","3",333500,NA,3e+05,380000,320000,NA,569916.666666667,669000,584500,510000
1102013,"average","Total",333500,NA,3e+05,380000,320000,NA,551562.5,669000,584500,510000
1102013,"average","2",NA,NA,NA,NA,NA,NA,496500,NA,NA,NA
1102015,"average","3",129500,217875,398500,325000,251700,508333.333333333,522225,334000,350000,354333.333333333
1102015,"average","Total",129500,217875,398500,305833.333333333,251700,435126.8,522225,334000,293750,354333.333333333
1102015,"average","2",NA,NA,NA,267500,NA,325317,NA,NA,125000,NA
1102016,"average","3",100300,191544.357142857,224088,205426.5,320640.909090909,344627.272727273,364170.588235294,404164.705882353,376300,353015.625
1102016,"average","Total",100300,181038.8125,212685.714285714,199834.761904762,313375,331418.518518519,344770,366804.166666667,360972.476190476,347276.315789474
1102016,"average","2",NA,107500,104000,88000,233450,273300,281500,293750,347038.363636364,375500
1102016,"average","0",NA,NA,145000,NA,NA,NA,NA,NA,NA,NA
1102016,"average","1",NA,NA,NA,NA,NA,NA,141500,170000,NA,199000
1102017,"average","2",170500,178500,162142.857142857,220000,288071.428571429,277958.333333333,346000,259928.571428571,340000,343650
1102017,"average","3",193764.285714286,224807.272727273,245076.206896552,304219.971428571,341322.448979592,412034.083333333,466663.414634146,457373.170731707,466106.52173913,428067.222222222
1102017,"average","Total",190856.25,219579.032258065,236144.923076923,288730.928571429,334666.071428571,388733.493150685,451058.695652174,428579.166666667,451555.769230769,412718.636363636
1102017,"average","1",NA,NA,NA,159000,NA,320000,231500,NA,NA,NA
1102018,"average","2",3e+05,143500,236333.333333333,186333.333333333,182750,330150,184000,272583.333333333,375316.666666667,250475
1102018,"average","3",183142.857142857,326337.615384615,258252.173913043,318218,372329.032258065,510838.125,505873.928571429,578368.75,359428.571428571,552937.5
1102018,"average","Total",197750,287649.3125,255723.076923077,301015.652173913,353608.823529412,474700.5,465639.6875,488408.695652174,366761.538461538,492445
1102018,"average","1",NA,73000,NA,NA,115000,NA,NA,344000,NA,NA
1102019,"average","3",150000,407725,341666.666666667,501333.333333333,311833.333333333,335375,476000,402500,342000,335833.333333333
1102019,"average","Total",150000,389380,341666.666666667,501333.333333333,287750,335375,397000,402500,342000,335833.333333333
1102019,"average","2",NA,316000,NA,NA,215500,NA,160000,NA,NA,NA
1102020,"average","3",NA,NA,4e+05,210625,NA,NA,486000,590000,NA,NA
1102020,"average","Total",NA,NA,4e+05,195500,NA,NA,486000,590000,349000,NA
1102020,"average","2",NA,NA,NA,135000,NA,NA,NA,NA,349000,NA
1102021,"average","3",127000,250000,549900,98000,274375,531666.666666667,360500,494450,NA,650000
1102021,"average","Total",127000,250000,359950,98000,274375,495000,340333.333333333,494450,450000,650000
1102021,"average","2",NA,NA,170000,NA,NA,NA,3e+05,NA,450000,NA
1102021,"average","0",NA,NA,NA,NA,NA,385000,NA,NA,NA,NA
1102022,"average","3",175900,241408.333333333,260934.545454545,276680,325839,369732.916666667,490845.571428571,433687.5,416472.727272727,428833.333333333
1102022,"average","Total",175900,224992.857142857,244940,276680,325839,369732.916666667,485739.875,428581.818181818,416472.727272727,403500
1102022,"average","2",NA,126500,69000,NA,NA,NA,450000,414966.666666667,NA,327500
1102032,"average","2",120000,199000,195000,NA,NA,315000,NA,165000,250000,160000
1102032,"average","3",146500,210500,NA,383400,270000,NA,399000,174900,720000,419950
1102032,"average","Total",137666.666666667,206666.666666667,195000,383400,270000,315000,297000,169950,485000,289975
1102032,"average","1",NA,NA,NA,NA,NA,NA,195000,NA,NA,NA
1102034,"average","3",72000,173580,113225,204000,203300,405000,495500,NA,405000,484500
1102034,"average","Total",72000,173580,113225,204000,232225,405000,495500,NA,405000,484500
1102034,"average","2",NA,NA,NA,NA,319000,NA,NA,NA,NA,NA
1102037,"average","3",250750,247166.666666667,327875,410466,402000,449900,693500,594250,810000,511666.666666667
1102037,"average","Total",250750,233857.142857143,308300,410466,402000,370966.666666667,606600,542500,810000,438833.333333333
1102037,"average","2",NA,154000,230000,NA,NA,285333.333333333,259000,439000,NA,366000
1102037,"average","1",NA,NA,NA,NA,NA,470000,NA,NA,NA,NA
1102040,"average","3",201000,205172.727272727,279500,304250,239600,396279.5,461250,413750,369628.571428571,445666.666666667
1102040,"average","Total",201000,205485.714285714,279500,285071.428571429,239600,379254.090909091,414833.333333333,413750,374811.111111111,431800
1102040,"average","2",NA,206633.333333333,NA,170000,NA,209000,322000,NA,392950,307000
1102043,"average","3",NA,217666.666666667,252776.333333333,301333.333333333,339500,330000,NA,665000,496725,293000
1102043,"average","Total",NA,217666.666666667,261707.25,301333.333333333,339500,360000,NA,665000,496725,293000
1102043,"average","2",NA,NA,288500,NA,NA,390000,NA,NA,NA,NA
1102045,"average","3",252300,295715.384615385,297050,329966.666666667,348600,361533.333333333,461809.090909091,453312.5,445642.857142857,437666.666666667
1102045,"average","Total",252300,295715.384615385,295409.090909091,329966.666666667,312461.538461538,348528.571428571,443366.666666667,462650,445642.857142857,437666.666666667
1102045,"average","2",NA,NA,279000,NA,192000,270500,240500,5e+05,NA,NA
1102046,"average","3",192250,204260,420600,409000,385133.333333333,428150,647571.428571429,556933.333333333,532000,458987.5
1102046,"average","Total",192250,242633.333333333,400525,371200,385133.333333333,428150,544000,556933.333333333,495222.222222222,466322.222222222
1102046,"average","2",NA,434500,260000,220000,NA,NA,302333.333333333,NA,421666.666666667,525000
1102050,"average","3",93000,146000,NA,310000,276000,NA,279900,482500,622500,387000
1102050,"average","Total",93000,115666.666666667,NA,249500,276000,235000,252450,482500,622500,387000
1102050,"average","2",NA,100500,NA,189000,NA,235000,NA,NA,NA,NA
1102050,"average","1",NA,NA,NA,NA,NA,NA,225000,NA,NA,NA
1102051,"average","3",NA,239083.333333333,191750,456500,294375,412500,452500,546250,393400,522000
1102051,"average","Total",NA,239083.333333333,191750,456500,294375,412500,452500,546250,393400,522000
1102055,"average","2",195000,NA,124000,260000,NA,286000,NA,340000,NA,NA
1102055,"average","Total",195000,346000,217714.285714286,298125,445000,651125,638360,572499.75,1385000,513300
1102055,"average","3",NA,346000,255200,310833.333333333,445000,703285.714285714,638360,649999.666666667,1385000,513300
1102057,"average","2",165166.666666667,175500,163800,NA,NA,NA,207600,NA,235000,NA
1102057,"average","3",211300,223250,245583.333333333,325166.666666667,316000,NA,445000,530000,230000,285000
1102057,"average","Total",186136.363636364,199375,208409.090909091,325166.666666667,316000,NA,365866.666666667,530000,232500,285000
1102059,"average","2",85500,165000,NA,NA,NA,NA,NA,425000,NA,NA
1102059,"average","3",74500,199950,215000,156833.333333333,119500,249500,NA,333725,4e+05,344000
1102059,"average","Total",80000,188300,215000,156833.333333333,119500,249500,NA,351980,4e+05,344000
1102061,"average","2",160000,320000,169250,275000,224000,314000,NA,398750,325000,4e+05
1102061,"average","Total",160000,264666.666666667,195388.888888889,237750,278333.333333333,447750,497537.6,392900,361450,503000
1102061,"average","3",NA,237000,206321.428571429,243125,305500,492333.333333333,560672,443500,370562.5,606000
1102061,"average","1",NA,NA,145000,179000,NA,NA,245000,280000,NA,NA
1102064,"average","2",109930,140333.333333333,93750,198750,121500,189540,232875,309500,243600,171225
1102064,"average","3",184400,236390,274615,235751.724137931,348571.428571429,416288.461538462,505876.785714286,417666.666666667,421209.523809524,407894.736842105
1102064,"average","Total",177630,223860.869565217,258172.727272727,233364.516129032,333433.333333333,371428.125,464728.787878788,396033.333333333,387053.846153846,366734.782608696
1102064,"average","1",NA,NA,NA,NA,NA,114500,240000,NA,NA,NA
1102066,"average","3",NA,227333.333333333,242700,226250,210000,358687.5,406625,462500,361785.714285714,165800
1102066,"average","Total",NA,227333.333333333,252200,227357.142857143,199500,358687.5,406625,462500,363312.5,282400
1102066,"average","2",NA,NA,285450,234000,189000,NA,NA,NA,374000,399000
1102067,"average","2",155300,134380,221500,183055.555555556,240844.4,271322.222222222,368428.571428571,445333.333333333,350580,307000
1102067,"average","3",261000,299796.666666667,237823.529411765,328629.487179487,367797.727272727,453429.277777778,470249.347826087,493769.565217391,493371.35483871,440919.96
1102067,"average","Total",212954.545454545,276165.714285714,232560.975609756,296552.040816327,354843.306122449,415018.565217391,446491.166666667,488180.769230769,473539.222222222,422448.24137931
1102067,"average","1",NA,NA,120000,NA,NA,NA,NA,NA,NA,NA
1102067,"average","0",NA,NA,NA,67000,NA,325500,NA,NA,NA,NA
1102068,"average","3",182100,238355,257980.64516129,299402.083333333,327154.838709677,395615.853658537,510774.074074074,465819.80952381,496569.230769231,478646.9
1102068,"average","Total",182100,219413.488372093,245997.142857143,266301.5625,294600,365103,435489.717948718,440168.64,464119.35483871,442928.896551724
1102068,"average","2",NA,122000,153125,175142.857142857,130600,251983.333333333,281319.9,305500,309250,376500
1102068,"average","1",NA,NA,NA,110000,2e+05,174333.333333333,190000,NA,239900,260000
1102069,"average","3",132166.666666667,211600,272750,373360,219000,263008.142857143,514000,NA,449000,NA
1102069,"average","Total",132166.666666667,201083.333333333,272750,373360,219000,263008.142857143,414666.666666667,NA,454666.666666667,NA
1102069,"average","2",NA,148500,NA,NA,NA,NA,216000,NA,457500,NA
1102070,"average","3",185000,195000,NA,397500,NA,428625,495000,428750,NA,269000
1102070,"average","Total",185000,195000,212000,305000,199900,368933.333333333,495000,380833.333333333,279000,269000
1102070,"average","2",NA,NA,212000,120000,199900,249550,NA,285000,279000,NA
1102071,"average","3",215200,204259.375,217783.578947368,248820.421052632,438056.1875,404417.24137931,381712,363526.666666667,407368.75,476208.291666667
1102071,"average","Total",215200,195764.864864865,212947.304347826,238634.153846154,396728.523809524,361797.297297297,369303.448275862,349757.894736842,389231.578947368,462980.730769231
1102071,"average","1",NA,115000,NA,72500,NA,188500,235000,NA,NA,NA
1102071,"average","2",NA,148000,189975,234066.666666667,264480,218580,310666.666666667,298125,292500,304250
1102072,"average","3",NA,241000,215000,410000,303800,365000,594900,299000,585000,527666.666666667
1102072,"average","Total",NA,241000,215000,232333.333333333,303800,365000,594900,299000,585000,527666.666666667
1102072,"average","0",NA,NA,NA,90000,NA,NA,NA,NA,NA,NA
1102072,"average","2",NA,NA,NA,197000,NA,NA,NA,NA,NA,NA
1102073,"average","3",259166.666666667,311944.444444444,363366.666666667,333942.363636364,351159.090909091,459333.333333333,526500,568450,545781.25,514890
1102073,"average","Total",259166.666666667,301520,349093.75,320720.461538462,351159.090909091,394500,495777.777777778,568450,513200,516658.333333333
1102073,"average","2",NA,207700,135000,248000,NA,2e+05,250000,NA,382875,525500
1102075,"average","1",181500,NA,NA,NA,216250,199500,255000,217583.333333333,299000,170000
1102075,"average","2",144921.052631579,189843.534883721,187440,248173.222222222,262601.976744186,305812.857142857,324259.090909091,333972.727272727,314821.428571429,311062.5
1102075,"average","3",205027.79047619,265522.017699115,282988.205357143,320003.54964539,343335.827777778,402264.553571429,462841.87012987,475000.698347107,480905.745689655,486913.648464164
1102075,"average","Total",195703.344,256632.46997389,276371.293628809,310118.642201835,333557.206388206,392126.91689008,443378.359550562,452942.238434164,457355.122222222,472645.279874214
1102075,"average","0",NA,115000,NA,NA,NA,NA,NA,NA,NA,NA
1102080,"average","0",55000,NA,132000,NA,NA,NA,75000,NA,NA,NA
1102080,"average","1",73000,NA,NA,NA,124166.666666667,186500,273000,NA,205000,238000
1102080,"average","2",161300,203633.333333333,166793.333333333,173946.153846154,175603.846153846,249673.684210526,300357.142857143,258757.142857143,288250,370777.777777778
1102080,"average","3",224401,266130.341463415,275498.591549296,308101.492537313,368159.101265823,435856.896103896,435069.402985075,472108.948717949,415115.511111111,403640.464788732
1102080,"average","Total",203249.622222222,256465.855670103,255106.896551724,286301.25,334104.410526316,396817.329896907,406056.024096386,397435.816666667,370980.852941176,397944.111111111
1102085,"average","3",229454.166666667,258147.5,253323.703703704,299736.434782609,329113.459183673,367745.846153846,479165.70212766,432711.764705882,497097.052631579,487315.625
1102085,"average","Total",229454.166666667,233566,245380.108695652,299736.434782609,321269.579439252,349795.789473684,447594.327272727,428885,487373.523809524,446384.146341463
1102085,"average","1",NA,155000,NA,NA,NA,NA,210000,NA,NA,NA
1102085,"average","2",NA,133044.444444444,186886.363636364,NA,235858.444444444,258100,269557.142857143,331302.5,395000,300850
1102085,"average","0",NA,NA,NA,NA,NA,1e+05,NA,NA,NA,NA
1103002,"average","2",64000,93000,255000,221500,3e+05,250000,485000,NA,260000,410000
1103002,"average","3",304500,182487.5,253277.777777778,237300,267875,312816.666666667,468304.545454545,348400,242750,352800
1103002,"average","Total",224333.333333333,164590,239500,233350,274300,303842.857142857,469695.833333333,348400,248500,362333.333333333
1103002,"average","0",NA,NA,1e+05,NA,NA,NA,NA,NA,NA,NA
1103003,"average","2",78500,136250,260000,130333.333333333,192580,227250,410000,253180,314831.666666667,270000
1103003,"average","3",151500,205290.909090909,200466.666666667,293115,244118.523809524,360914.285714286,718250,411190,424033.333333333,381099.625
1103003,"average","Total",115000,188764.285714286,204187.5,271882.608695652,234207.269230769,344206.25,684000,358520,392832.857142857,368755.222222222
1103003,"average","1",NA,112000,NA,NA,NA,NA,NA,NA,NA,NA
1103004,"average","3",184900,209925,346925,364900,370971.428571429,393087.5,555850,476666.666666667,583580,570333.333333333
1103004,"average","Total",184900,193140,330900,362181.818181818,316180,361670,480661.111111111,460000,583580,495250
1103004,"average","2",NA,126000,202700,335000,188333.333333333,236000,217500,360000,NA,270000
1103005,"average","3",161000,248250,316500,194600,307750,253150,360083.333333333,437336,324650,241666.666666667
1103005,"average","Total",161000,232300,256100,174500,288142.857142857,254128.571428571,323944.444444444,365168.8,324650,267000
1103005,"average","2",NA,168500,179900,141000,170500,260000,251666.666666667,NA,NA,305000
1103005,"average","1",NA,NA,211500,NA,NA,NA,NA,NA,NA,NA
1103005,"average","0",NA,NA,NA,NA,NA,NA,NA,76500,NA,NA
1103007,"average","2",176000,82000,128500,112250,216975,NA,316633.333333333,234416.666666667,348333.333333333,230500
1103007,"average","3",106000,234688.888888889,202621.739130435,257250,299373.684210526,319739.285714286,386493.548387097,380775,376473.529411765,375800
1103007,"average","Total",129333.333333333,219420,190288.888888889,248187.5,285043.47826087,319739.285714286,380329.411764706,340859.090909091,360478.571428571,354274.074074074
1103007,"average","1",NA,NA,92000,NA,NA,NA,NA,NA,125000,NA
1103008,"average","3",93000,259900,256966.666666667,NA,NA,NA,362000,204500,NA,475000
1103008,"average","Total",93000,259900,256966.666666667,NA,NA,NA,362000,204500,NA,475000
1103014,"average","3",128750,195090.909090909,219091.666666667,223718.75,184866.666666667,277925,397678.571428571,392928.571428571,302153.333333333,422691.666666667
1103014,"average","Total",128750,189658.333333333,198903.448275862,216382.352941176,188988.235294118,266347.826086957,355855.555555556,352500,294605.882352941,411100
1103014,"average","2",NA,129900,102000,99000,193625,239250,252500,211000,238000,272000
1103014,"average","1",NA,NA,NA,NA,NA,89000,203000,NA,NA,NA
1103014,"average","0",NA,NA,NA,NA,NA,NA,129900,NA,NA,NA
1103015,"average","3",156270,170000,176500,240000,267400,666333.333333333,396100,482666.666666667,NA,260000
1103015,"average","Total",156270,159625,176500,207250,227500,564725,405083.333333333,482666.666666667,277000,260000
1103015,"average","1",NA,128500,NA,NA,NA,NA,NA,NA,NA,NA
1103015,"average","2",NA,NA,NA,174500,127750,259900,450000,NA,277000,NA
1103018,"average","2",NA,94500,NA,113500,NA,135000,NA,NA,NA,NA
1103018,"average","3",NA,80500,72000,NA,182500,161500,313000,3e+05,290000,381666.666666667
1103018,"average","Total",NA,87500,72000,113500,182500,148250,313000,3e+05,290000,381666.666666667
1103020,"average","2",90625,93000,135666.666666667,204000,162857.142857143,233833.333333333,216122.5,288750,247000,238000
1103020,"average","3",145820,212188,198133.108108108,209055.555555556,291845.535714286,319036,389676.666666667,354642.785714286,394270.833333333,408500.423076923
1103020,"average","Total",121288.888888889,203359.259259259,190071.341463415,204897.435897436,256912.837837838,296059.375,357910.833333333,332631.526315789,373232.142857143,375812.84375
1103020,"average","0",NA,NA,55000,NA,NA,NA,NA,NA,NA,NA
1103020,"average","1",NA,NA,NA,57000,97050,95000,165000,2e+05,NA,215000
1103021,"average","3",90725,139714.285714286,142000,204857.142857143,239423.076923077,328928.571428571,348316.666666667,242150,316875,393642.857142857
1103021,"average","Total",90725,137888.888888889,156333.333333333,188875,237025,271750,324362.5,243325,316083.333333333,361312.5
1103021,"average","2",NA,131500,163500,77000,226633.333333333,138333.333333333,252500,259375,314500,135000
1103021,"average","1",NA,NA,NA,NA,NA,NA,NA,185000,NA,NA
1103022,"average","3",NA,NA,461333.333333333,260166.666666667,371000,436250,516320,390000,1050000,324000
1103022,"average","Total",NA,NA,461333.333333333,260166.666666667,371000,436250,516320,390000,1050000,324000
1103023,"average","2",125000,131500,NA,NA,NA,NA,NA,NA,155250,NA
1103023,"average","3",65000,NA,200268.888888889,356000,NA,310000,NA,285000,401500,NA
1103023,"average","Total",95000,131500,200268.888888889,356000,NA,310000,NA,285000,303000,NA
1103024,"average","3",265000,166633.333333333,170890,177211.764705882,234071.428571429,265378.571428571,320290,342980,299488.888888889,381490
1103024,"average","Total",265000,143580,144100,158265.217391304,198727.272727273,254370.588235294,275737.5,278100,305107.692307692,340778.571428571
1103024,"average","2",NA,109000,77125,100750,136875,203000,213980,197000,370666.666666667,239000
1103024,"average","1",NA,NA,NA,112250,NA,NA,139000,NA,NA,NA
1103024,"average","0",NA,NA,NA,NA,NA,NA,NA,NA,159000,NA
1103025,"average","2",114057.142857143,124407.894736842,132621.875,134542.105263158,173230,230486.363636364,272750,268578.947368421,282059.95,220625
1103025,"average","3",167405,193821.734265734,178032.035211268,218346.888888889,273734.5234375,333893.753246753,359723.153846154,369780.978723404,386759.565217391,421986.363636364
1103025,"average","Total",159459.574468085,185680.604938272,170160.55952381,208007.337662338,254033.560509554,319962.361581921,346571.966942149,351051.859649123,371248.511111111,380103.614457831
1103025,"average","1",NA,NA,61750,NA,128625,143000,160000,157500,NA,160000
1103025,"average","0",NA,NA,NA,NA,NA,NA,NA,NA,NA,175000
1103027,"average","3",119000,176125,NA,134666.666666667,252500,332500,301666.666666667,249000,542000,372500
1103027,"average","Total",119000,156900,145000,134666.666666667,207666.666666667,216250,301666.666666667,249000,317333.333333333,333750
1103027,"average","1",NA,80000,NA,NA,NA,NA,NA,NA,NA,NA
1103027,"average","2",NA,NA,145000,NA,118000,1e+05,NA,NA,205000,295000
1103029,"average","3",189000,190300,215906.666666667,299711.111111111,326455,347242.5,521333.333333333,412000,361666.666666667,550000
1103029,"average","Total",189000,190300,215906.666666667,287191.666666667,316363.529411765,366024.6875,421800,359625,361666.666666667,620000
1103029,"average","2",NA,NA,NA,249633.333333333,154900,497500,272500,202500,NA,655000
1103033,"average","3",NA,147500,NA,182000,NA,NA,NA,NA,359250,NA
1103033,"average","Total",NA,147500,NA,182000,NA,NA,NA,NA,339166.666666667,NA
1103033,"average","2",NA,NA,NA,NA,NA,NA,NA,NA,299000,NA
1103035,"average","3",NA,488000,271000,357620,437333.333333333,289900,612500,272500,444000,475800
1103035,"average","Total",NA,488000,271000,332183.333333333,437333.333333333,184950,456666.666666667,272500,444000,448166.666666667
1103035,"average","2",NA,NA,NA,205000,NA,NA,NA,NA,NA,310000
1103035,"average","1",NA,NA,NA,NA,NA,80000,145000,NA,NA,NA
1103039,"average","3",75000,195750,238300,105750,249583.333333333,328500,334350,355262.25,412300,319166.666666667
1103039,"average","Total",75000,163166.666666667,214114.285714286,104600,233214.285714286,328500,334350,326699.8,354225,300625
1103039,"average","2",NA,98000,NA,1e+05,NA,NA,NA,212450,180000,245000
1103039,"average","1",NA,NA,69000,NA,135000,NA,NA,NA,NA,NA
1103040,"average","2",155750,152500,164000,94250,176833.333333333,189100,NA,225500,211000,257125
1103040,"average","3",118333.333333333,130833.333333333,196703.846153846,188191.666666667,264146.153846154,263825.6,340916.666666667,318333.333333333,359303.846153846,343285.333333333
1103040,"average","Total",133300,128458.333333333,194367.857142857,174771.428571429,250552.941176471,251371.333333333,340916.666666667,301454.545454545,339530,319230.823529412
1103040,"average","0",NA,59000,NA,NA,NA,NA,NA,NA,NA,NA
1103040,"average","1",NA,NA,NA,NA,295000,NA,NA,NA,NA,279000
1103042,"average","3",375000,116333.333333333,166253.846153846,99750,325483.333333333,189500,315633.333333333,252500,317500,389750
1103042,"average","Total",375000,116333.333333333,166120,99750,273487.5,183333.333333333,284225,225833.333333333,301750,318500
1103042,"average","2",NA,NA,165250,NA,117500,171000,190000,172500,286000,176000
1103043,"average","3",149666.666666667,197057.692307692,178325,191771.428571429,281277.666666667,316400,309992.857142857,384873.75,369250,441377.272727273
1103043,"average","Total",149666.666666667,188875,178325,170740,257863.545454545,297000,299556.25,351090,368000,441377.272727273
1103043,"average","2",NA,82500,NA,121666.666666667,195000,307800,226500,261000,364666.666666667,NA
1103043,"average","1",NA,NA,NA,NA,110000,159000,NA,NA,NA,NA
1103050,"average","3",NA,135000,58750,72500,NA,167500,237500,NA,435000,235000
1103050,"average","Total",NA,135000,58750,72500,NA,167500,237500,NA,435000,235000
1103052,"average","3",158725,80300,148740,335000,141842.857142857,374000,322500,509000,414380,NA
1103052,"average","Total",158725,80300,150945.454545455,227857.142857143,141842.857142857,314940,289000,451666.666666667,319487.5,275000
1103052,"average","2",NA,NA,173000,72500,NA,75000,155000,165000,161333.333333333,275000
1103052,"average","1",NA,NA,NA,110000,NA,82400,NA,NA,NA,NA
1103053,"average","2",225000,205000,NA,224500,NA,NA,199000,NA,285000,NA
1103053,"average","3",145000,285000,367250,159071.428571429,460000,425000,575000,NA,4e+05,316666.666666667
1103053,"average","Total",185000,258333.333333333,367250,173611.111111111,460000,425000,387000,NA,361666.666666667,316666.666666667
1103055,"average","3",NA,147500,76500,NA,65000,237950,365000,330000,NA,266666.666666667
1103055,"average","Total",NA,147500,76500,92500,65000,237950,365000,379500,80500,266666.666666667
1103055,"average","2",NA,NA,NA,92500,NA,NA,NA,429000,NA,NA
1103055,"average","1",NA,NA,NA,NA,NA,NA,NA,NA,80500,NA
1103059,"average","3",265500,178333.333333333,219200,108500,190700,253500,320960,307666.666666667,265400,NA
1103059,"average","Total",265500,183750,197166.666666667,108500,190700,253500,303300,259500,252142.857142857,290000
1103059,"average","2",NA,2e+05,87000,NA,NA,NA,215000,115000,219000,290000
1103060,"average","3",NA,167500,NA,117500,NA,221800,420000,189000,310000,260000
1103060,"average","Total",NA,167500,NA,117500,NA,205666.666666667,420000,189000,310000,256666.666666667
1103060,"average","2",NA,NA,NA,NA,NA,125000,NA,NA,NA,250000
1103061,"average","2",87000,93100,117833.333333333,100666.666666667,262000,150000,389000,250000,296833.333333333,141225
1103061,"average","3",1681666.66666667,111918.181818182,182423.076923077,204700,316583.333333333,275878.571428571,293480,427700,378400,339000
1103061,"average","Total",1043800,101200,165294.117647059,180692.307692308,302937.5,260143.75,325320,398083.333333333,340753.846153846,218862.5
1103061,"average","0",NA,70000,NA,NA,NA,NA,NA,NA,NA,NA
1103061,"average","1",NA,55000,85000,NA,NA,NA,NA,NA,NA,169000
1103062,"average","2",NA,NA,70000,NA,NA,NA,NA,NA,NA,225000
1103062,"average","3",NA,NA,56000,NA,NA,85000,175000,321666.666666667,NA,277000
1103062,"average","Total",NA,NA,63000,NA,NA,85000,175000,321666.666666667,NA,251000
1103063,"average","2",63000,NA,NA,182000,213780,NA,357000,335000,303750,155000
1103063,"average","3",148966.666666667,144214.285714286,177540,256222.222222222,259950,249222.222222222,295700,210000,280750,411625
1103063,"average","Total",127475,144214.285714286,177540,248800,246370.588235294,249222.222222222,309322.222222222,241250,292250,342900
1103063,"average","1",NA,NA,NA,NA,NA,NA,NA,NA,NA,168900
1103064,"average","2",210000,101500,94000,99500,219000,173580,184200,290000,156666.666666667,158280
1103064,"average","3",147566.666666667,185909.090909091,204710,208305.555555556,292423.076923077,281112.933333333,269920,229229.411764706,293838.461538462,305541.666666667
1103064,"average","Total",156485.714285714,150333.333333333,182568,202578.947368421,287178.571428571,262674.666666667,236813.636363636,233185.714285714,268118.75,253938.888888889
1103064,"average","1",NA,52000,NA,NA,NA,155000,120050,130000,NA,113000
1103065,"average","3",199500,198253.846153846,165320,226687.5,300743.75,280580.952380952,307732.258064516,283984.615384615,369756.266666667,372245.238095238
1103065,"average","Total",199500,198253.846153846,171427.272727273,222470.588235294,264627.941176471,268288,290380.555555556,267936.842105263,307188.869565217,311746.774193548
1103065,"average","2",NA,NA,232500,155000,177950,203750,182800,263200,189875,213000
1103065,"average","0",NA,NA,NA,NA,NA,NA,NA,83000,NA,71500
1103066,"average","3",158000,70000,1e+05,203500,147000,123000,710000,549000,NA,224950
1103066,"average","Total",158000,70000,96000,203500,147000,123000,457000,549000,NA,224950
1103066,"average","2",NA,NA,88000,NA,NA,NA,330500,NA,NA,NA
1103067,"average","3",137112.5,191136.363636364,165744.444444444,205495,237875,307393.378378378,351250,346518.181818182,356955,325361.538461538
1103067,"average","Total",137112.5,178987.785714286,160586.666666667,181896.153846154,232122.619047619,296045.666666667,337980,333225,337770.161290323,322300
1103067,"average","2",NA,134443,123750,103233.333333333,177475,257083.333333333,240666.666666667,251000,261400,282500
1103067,"average","1",NA,NA,95000,NA,NA,141000,NA,123000,240000,NA
1103067,"average","0",NA,NA,NA,NA,NA,265000,NA,NA,NA,NA
1103068,"average","3",NA,457500,290000,NA,NA,NA,NA,NA,NA,858000
1103068,"average","Total",NA,457500,290000,NA,NA,NA,NA,NA,NA,858000
